"";"verb";"verb_suffix";"actor";"location";"location_prefix";"orig_string"
"1";"printed";"for";"R. Francklin";"Russel-Street";"in";"printed for R. Francklin, in Russel-Street, Covent-Garden"
"2";"printed";"for";"C. Dilly";"Poultry";"in the";"printed for C. Dilly, in the Poultry; H. Murray, Fleet-Street; and Vernor and Hood, Birchin-Lane, Cornhill, London; and sold by W. Tesseyman, York, and the booksellers of Oxford, Cambridge, Edinburgh, &c"
"3";"printed";"for";"J. Davis";NA;"";"printed for J. Davis, and M. Cooper"
"4";"printed";"for";"J. Ridgway";"York-Street";"NO. I ,";"for J. Ridgway, NO. I, York-Street, St. James's Square"
"5";"Printed";"for";"J. Roberts";"Oxford-Arms";"near the in";"Printed for J. Roberts, near the Oxford-Arms, in Warwick-Lane"
"6";"printed";"for";"J. Roberts";NA;NA;"printed for J. Roberts"
"7";"printed";"for";"J. Roberts";NA;"in";"printed for J. Roberts in Warwick-Lane"
"8";"printed";"for";"P. Hill";NA;"";"printed for the author, and sold by P. Hill, and J. Robertson, Edinburgh; J. Marsom, and D. I. Eaton, London; and T. Dobson, Philadelphia"
"9";"printed";"by";"S. Powell";"Dame-Street and";"in";"printed by S. Powell, for G. and A. Ewing, and W. Smith, in Dame-Street and G. Faulkner, in Essex-Street, Booksellers"
"10";"Printed";"for";"William Creech";"London";"";"Printed for William Creech; and sold by T. Cadell, and T. Longman, London"
"11";"Printed";"for";"J. Brindley";"King's-Arms";"at the";"Printed for J. Brindley at the King's-Arms in New-Bond-Street; and sold by J. Roberts in Warwick-Lane; J. Wilford behind the Chapter-House, near St. Paul's; E. Nutt under the Royal-Exchange; and A. Dodd without Temple-Bar"
"12";"printed";"for";"G. G. J.";"Paternoster-Row";"";"printed for the author; and sold by G. G. J. and J. Robinson, Paternoster-Row"
"13";"printed";"for";"Bernard Lintot";"Cross-Keys";"at the";"printed for Bernard Lintot, at the Cross-Keys near the Temple-Gate, Fleetstreet"
"14";"sold";"by";"J. Buckland";"Buck";"at the and C. under the";"Sold by J. Buckland, at the Buck in Pater Noster Row, and C. Henderson, under the Royal Exchage"
"15";"Printed";"by";"John Oliver";"Bartholomew-Close";"in near";"Printed by John Oliver, in Bartholomew-Close, near West-Smithfield"
"16";"Printed";"by";"T. Bensley";"London";"";"Printed by T. Bensley, London"
"17";"printed";"for";"J. Cooke";"Shakespeare's Head";"at in";"printed for J. Cooke, at Shakespeare's Head, in Pater-Noster-Row"
"18";"printed";"for";"J. Whiston";"London";"in";"printed for J. Whiston, J. Rivington, B. White, R. Horsfield, T. Longman, [and 3 others in London]"
"19";"printed";"for";"Alexander Ewing";"Dame-Street";"in";"printed for Alexander Ewing, in Dame-Street"
"20";"printed";"for";"J. Whiston";NA;"";"printed for J. Whiston and B. White, and R. Baldwin"
"21";"printed";"for";"J. Bell";"Strand";"";"printed for the writer, and sold by J. Bell, British Library, Strand"
"22";"printed";"for";"R. Baldwin";NA;"";"printed for R. Baldwin and W. Reeve"
"23";"printed";"for";"W. Reeve";"Shakespear's Head";"at";"printed for W. Reeve, at Shakespear's Head, Fleet-Street"
"24";"printed";"by";"R. Griffiths";"Dunciad";"at the";"printed, and sold by R. Griffiths, at the Dunciad in St. Paul's Church-Yard; J. Swan, near Northumberland-House in the Strand; and by the editor, at Dr. Garth's Head in Cavendish-Street"
"25";"printed";"for";"J. Roberts";"Oxford Arms";"near the";"printed for J. Roberts near the Oxford Arms in Warwick-Lane"
"26";"printed";"for";"G. Ewing";"Angel and Bible";"at the in";"printed for G. and A. Ewing, at the Angel and Bible, in Dame-Street"
"27";"printed";"for";"W. Mears";"Lamb";"at the";"printed for W. Mears, at the Lamb in the Old-Baily"
"28";"printed";"for";"James Buckland";"Buck";"at the";"printed for James Buckland, at the Buck in Pater-Noster-Row"
"29";"printed";"for";"A. Linde";"Catherine Street";"in P.";"printed for A. Linde in Catherine Street, P. Davey and B. Law in Ave-Mary Lane, and J. Staples opposite Stationers-Hall"
"30";"printed";"for";"John Murray";"Fleet-Street";"No. 32 ,";"printed for John Murray, No. 32, Fleet-Street"
"31";"printed";"for";"J. Johnson";"St. Paul's Church-Yard";"in";"printed for J. Johnson, in St. Paul's Church-Yard; and G. Robinson, in Pater-Noster-Row"
"32";"printed";"by";"H. Hills";"Black-Fryars";"in near the";"printed and sold by H. Hills, in Black-Fryars, near the Water-Side"
"33";"printed";"by";"J. Bentham";NA;"";"printed by J. Bentham, Printer to the University; and sold by William Thurlbourn Bookseller at Cambridge, and R. & J. Dodsley in Pall-Mall, London"
"34";"printed";"for";"T. Cadell";NA;"";"printed for the author: and sold by T. Cadell; and J. Murray"
"35";"printed";"by";"H. Watts";NA;"No. 3 ,";"printed by H. Watts, Law-Bookseller, No. 3, Christ Church-Lane"
"36";"printed";"for";"R. Moncrieff";"Capel-Street";"in";"printed for R. Moncrieff, Bookseller, in Capel-Street"
"37";"printed";"by";"Judy Corcoran";NA;NA;"printed by Judy Corcoran"
"38";"printed";"for";"T. Payne";NA;NA;"printed for T. Payne"
"39";"printed";"by";"James Phillips";"George-Yard";"";"printed by James Phillips, George-Yard, Lombard-Street"
"40";"printed";"by";"R. Burleigh";"Amen-Corner";"in and A.";"printed, and sold by R. Burleigh in Amen-Corner, and A. Boulter without Temple-Bar"
"41";"printed";"for";"J. Johnson";"St. Paul's Church-Yard";"";"printed for J. Johnson, St. Paul's Church-Yard"
"42";"printed";"by";"W. Reeve";"Shakespear's Head";"at and by A.";"printed: and sold by W. Reeve at Shakespear's Head near Scrjeants-Inn Gate, Fleet-Street, and by A. Linde in Catherine-Street in the Strand"
"43";"printed";"for";"Robert Main";"Homer's Head";"at";"printed for Robert Main at Homer's Head in Dame-Street"
"44";"printed";"for";"J. Debrett";"Burlington-House";"Opposite";"printed for J. Debrett, Opposite Burlington-House, Piccadilly"
"45";"printed";"by";"J. Dickson";NA;"";"printed and sold by J. Dickson, and all the booksellers of Scotland"
"46";"printed";"for";"J. Roberts";"Oxford-Arms";"near the in";"printed for J. Roberts, near the Oxford-Arms, in Warwick-Lane"
"47";"printed";"at";NA;NA;"";"printed at the Theatre for Anth. Peisley, and are to be sold by J. Knapton, W. Meadows, W. Taylor, and T. Combes, booksellers in London"
"48";"printed";"for";"J. Batley";"Dove";"at the";"printed for J. Batley, at the Dove in Pater-Noster-Row"
"49";"printed";"for";"E. Sumpter";"Salisbury-Court";"opposite";"printed for E. Sumpter, opposite Salisbury-Court, Fleet-Street"
"50";"printed";"for";"T. Becket";NA;NA;"printed for T. Becket"
"51";"Printed";"by";"J. Roberts";"Oxford-Arms";"near the";"Printed and sold by J. Roberts, near the Oxford-Arms in Warwick-Lane; J. Harrison, at the Corner of Castle-Alley, next the Royal Exchange; and A. Boulter without Temple-Bar"
"52";"printed";"for";"M. Hingeston";"Strand";"in the near";"printed for M. Hingeston, in the Strand, near Temple-Bar"
"53";"printed";"for";"Aaron Ward";"Kings Arms";"at the and at the";"printed for Aaron Ward, at the Kings Arms, and Francis Jackson, at the Rose and Crown in Little Britain"
"54";"printed";"by";"P. Byrne";NA;NA;"printed by P. Byrne"
"55";"printed";"for";"J. Newbery";"Bible and Crown";"at the";"printed for J. Newbery, at the Bible and Crown without Temple Bar"
"56";"printed";"by";"London";NA;"";"printed, and sold by the booksellers of London and Westminster"
"57";"printed";"for";"A. Moore";NA;"";"printed for A. Moore, and sold by the booksellers of London and Westminster"
"58";"printed";"by";"Court";NA;"";"printed by order of the Court of Aldermen"
"59";"Printed";"for";"Eaton";"Cock and Swine";"at the No. 74 ,";"Printed for D.L. Eaton, at the Cock and Swine, No. 74, Newgate-Street"
"60";"printed";"for";"D. I. Eaton";"Cock and Swine";"at The No. 74 ,";"printed for D. I. Eaton, at The Cock and Swine, No. 74, Newgate-Street"
"61";"Printed";"for";"George Sawbridge";"Three Flower-de-Luces";"at the";"Printed for George Sawbridge, at the Three Flower-de-Luces in Little-Britain"
"62";"printed";"for";"George Sawbridge";"Three Flower-de-Luces";"at the";"printed for George Sawbridge, at the Three Flower-de-Luces in Little Britain"
"63";"printed";"for";"T. Warner";"Black-Boy";"at the";"printed for T. Warner, at the Black-Boy in Pater-Noster-Row"
"64";"printed";"by";"R. Janeway";NA;"in";"printed by R. Janeway, and are to be sold by B. Bragg, in Ave-Mary-Lane"
"65";"printed";"for";"J. Scott";"Black Swan";"at the in";"printed for J. Scott, at the Black Swan, in Pater-Noster-Row"
"66";"Printed";"for";"P. Byrne";NA;"";"Printed for P. Byrne, J. Moore, A. Grueder, W. Jones, and R.White"
"67";"printed";"by";"T. Gardner";"Cowley's Head'";"at";"printed by and for T. Gardner, at Cowley's Head' without Temple-Bar"
"68";"printed";"for";"J. Roberts";NA;"in";"printed for J. Roberts, in Warwick-Lane"
"69";"printed";"for";"P. Wogan";NA;"";"printed for P. Wogan, J. Millikin, W. Sleater, J. Rice, and P. Moore"
"70";"printed";"for";"S. Price";NA;"";"printed for S. Price, W. and H. Whitestone, J. Williams, W. Colles, W. Wilson, C. Jenkin, T. Walker, L. Flin, L. White, J. Bxshaw, J. Beatty, and J. Parker"
"71";"printed";"for";"G. Wilkie";NA;NA;"printed for G. Wilkie"
"72";"printed";"for";"G. Wilkie";NA;"No. 71.";"printed for G. Wilkie, No. 71. St. Paul's Churchyard"
"73";"printed";"by";"James Belcher";NA;"";"printed by James Belcher, and sold by J. Johnson, St. Paul's Church Yards London"
"74";"printed";"by";"James Hoey";"Mercury";"at the";"printed by James Hoey, Junior, at the Mercury in Parliament-Street"
"75";"printed";"for";"E. Curll";"Fleet-Street";"in";"printed for E. Curll, in Fleet-Street"
"76";"printed";"for";"C. Nourse";"Strand";"in the";"printed for the author, and sold by C. Nourse, in the Strand"
"77";"printed";"for";"J. Jones";"Strand";"in the";"printed for J. Jones, in the Strand"
"78";"printed";"for";"T. Cox";"St. Thomas's Street";"";"printed for T. Cox, St. Thomas's Street, Borough; and G. G. and J. Robinson, Paternoster-Row"
"79";"printed";"for";"W. Gilbert";"Great George's-Street";"No. 26 ,";"printed for W. Gilbert, No. 26, Great George's-Street"
"80";"printed";"for";"W. Gilbert";"Great George's-Street";"";"printed for W. Gilbert, Great George's-Street"
"81";"printed";"for";"Sam. Smith";"Princes's-Arms";"at the and at the";"printed for Sam. Smith, at the Princes's-Arms, and Jo. Taylor, at the Ship in St Paul's Church-Yard"
"82";"printed";"for";"Tho. Norris";NA;"";"printed for Tho. Norris; and for Joseph Marshal"
"83";"printed";"for";"J. Baker";"Black-Boy";"at the";"printed for J. Baker, at the Black-Boy in Pater-Nostor-Row"
"84";"printed";"for";"W. Innys";"Prince's Arms";"at the";"printed for W. Innys, at the Prince's Arms in St. Paul's Church-Yard"
"85";"printed";"for";"J. T.";"Pamphlet Shops";"at the";"printed for J. T., and sold at the Pamphlet Shops in London and Westminster"
"86";"printed";"by";"J. Towers";"Piccadilly";"in";"printed by J. Towers, in Piccadilly"
"87";"printed";"by";"R. Walker";NA;"";"printed by R. Walker, for the author, and sold by the Booksellers in Town and Country"
"88";"printed";"for";"J. Osborn";NA;"";"printed for J. Osborn; Andr. Millar; J. & J. Rivington; and James Leake, at Bath"
"89";"printed";"for";"R. Snagg";"Pater-Noster-Row";"No. 29 ,";"printed for R. Snagg, No. 29, Pater-Noster-Row"
"90";"printed";"for";"J. Lackington";"Chiswell-Street";"No. 46 & 47 ,";"printed for J. Lackington, No. 46 & 47, Chiswell-Street, Finsbury-Square, Moorfields"
"91";"printed";"by";"J. Stockdale";"Abbey-Street";"Near";"printed by J. Stockdale, 62, Abbey-Street, Near Carlisle Bridge"
"92";"printed";"for";"G. Herdsfield";NA;NA;"printed for the author; and sold by G. Herdsfield"
"93";"printed";"for";"E. Curll";"Fleetstreet";"in";"printed for E. Curll, in Fleetstreet"
"94";"printed";"for";"William Creech";NA;NA;"printed for William Creech"
"95";"printed";"for";"Nath. Hillier";NA;NA;"printed for Nath. Hillier"
"96";"Printed";"in";NA;"London";"";"Printed in London in"
"97";"Printed";"for";"J. Debrett";"opposite Burlington-House";"";"Printed for J. Debrett, (successor to Mr. Almon opposite Burlington-House, Piccadilly"
"98";"printed";"for";"J. Johnson";"St. Paul's Church-Yard";"at No. 72 ,";"printed for J. Johnson, at No. 72, St. Paul's Church-Yard"
"99";"printed";"for";"T. Cooper";"Globe";"at the";"printed for T. Cooper, at the Globe in Pater-Noster-Row"
"100";"printed";"for";"R. Dodsley";NA;"";"printed for R. Dodsley, and sold by M. Cooper"
"101";"printed";"by";"J. Milliken";NA;NA;"printed by J. Milliken"
"102";"printed";"by";"J. Milliken";NA;NA;"printed by J. Milliken"
"103";"printed";"by";"J. Milliken";NA;NA;"printed by J. Milliken"
"104";"printed";"by";"B. Bragge";NA;NA;"printed and sold by B. Bragge"
"105";"printed";"by";"J. Milliken";NA;NA;"printed by J. Milliken"
"106";"printed";"by";"J. Milliken";NA;NA;"printed by J. Milliken"
"107";"printed";"for";"Hawes";"Paternoster Row";"in";"printed for Hawes, Clarke and Collins, in Paternoster Row"
"108";"printed";"for";"J. Murray";NA;"No. 32 ,";"printed for J. Murray, No. 32, Fleet street"
"109";"printed";"by";"P. Byrne";NA;"No. 108 ,";"printed by P. Byrne, No. 108, Grafton-Street"
"110";"printed";"for";"J. Debrett";"Burlington House";"opposite in";"printed for J. Debrett, opposite Burlington House, in Piccadilly"
"111";"printed";"by";"James Esdall";"Corner of Copper-Alley";"at the on";"printed by James Esdall, at the Corner of Copper-Alley, on Cork-Hill"
"112";"printed";"for";"J. Walker";NA;NA;"printed for J. Walker"
"113";"printed";"for";"E. Dilly";NA;"in the";"printed for E. and C. Dilly, in the Poultry"
"114";"printed";"for";"J. Johnson";"St. Paul's Church-Yard";"in";"printed for J. Johnson, in St. Paul's Church-Yard"
"115";"printed";"for";"";NA;NA;"printed for the author"
"116";"printed";"for";"W. Owen";"Homer's Head";"at near";"printed for W. Owen, at Homer's Head, near Temple-Bar"
"117";"printed";"for";"W. Meadows";"in Cornhill";"";"printed for W. Meadows, and T. Cox in Cornhill; and R. Wellington, without Temple Bar"
"118";"printed";"for";"John Stockdale";"Burlington-House";"Opposite";"printed for John Stockdale, Opposite Burlington-House, Piccadilly"
"119";"printed";"for";"J. Roberts";"Oxford-Arms";"near the in";"printed for J. Roberts, near the Oxford-Arms, in Warwick-Lane; and sold by the booksellers of London and Westminster"
"120";"printed";"by";"Andrew Crook";NA;"in";"printed by Andrew Crook, Printer to the Queens most Excellent Majesty, in Copper-Alley"
"121";"printed";"for";"A. Baldwin";NA;NA;"printed for A. Baldwin"
"122";"printed";"by";"J. Williams";NA;"No. 21 ,";"printed by J. Williams, No. 21, Skinner-Row"
"123";"printed";"by";"H. Smith";"Red-Lion-Court";"No. 4 ,";"printed by H. Smith, No. 4, Red-Lion-Court, Fleet-Street; published by Ballard, Chandos-Street; Evans and Bone, No. 120, Holborn-Hill; and may be had of every bookseller in town and country"
"124";"printed";"for";"J. Dawson";NA;"in town and country";"printed for J. Dawson; and sold by all booksellers in town and country"
"125";"printed";"by";"W. Boreham";"Angel";"at the";"printed and sold by W. Boreham at the Angel in Pater-Noster-Row"
"126";"Printed";"at";NA;"Aldermary church-yard";"in";"Printed and sold at the printing-office in Aldermary church-yard, London"
"127";"printed";"by";"John Nutt";NA;"near";"printed and are to be sold by John Nutt, near Stationers-Hall"
"128";"printed";"by";"H. Goldney";"Paternoster-Row";"";"printed by H. Goldney, for J. Buckland, Paternoster-Row"
"129";"printed";"for";"T. Becket";"Pall-Mall";"";"printed for T. Becket, Pall-Mall, Bookseller to his Royal Highness the Prince of Wales, and Their Royal Highnesses the Princes"
"130";"printed";"by";"Mr. Andrew Symson";NA;"";"printed by Mr. Andrew Symson, and are to be sold by him and Mr. Henry Knox"
"131";"printed";"in";NA;NA;"";"printed in the year"
"132";"printed";"by";"C. Macrae";"Orange-Street";"";"printed by C. Macrae, Orange-Street; and sold by T. Cadell, in the Strand"
"133";"printed";"by";"R. Reilly";NA;"";"printed by R. Reilly, for the author"
"134";"printed";"by";"Joseph Cooper";"Fleet Street";"No. 30 ,";"printed by Joseph Cooper; and sold by John Murray, No. 30, Fleet Street; J. Johnson, St. Paul's Church Yard; and by William Creech, in Edinburgh"
"135";"printed";"for";"W. Strahan";NA;"";"printed for W. Strahan, J. and F. Rivington, W. Johnston, T. Payne, T. Longman, Wilson and Nicoll, T. Durham, and T. Cadell"
"136";"printed";"for";"A. Millar";"Strand";"in the";"printed for A. Millar and T. Cadell, D. Wilson, in the Strand; T. Durham, at Charing Cross; and T. Payne, next the Mews-Gate, near St. Martin's Church"
"137";"printed";"by";"Andrew Crooke";NA;NA;"printed by Andrew Crooke"
"138";"printed";"for";"J. Walter";"Charing-Cross";"";"printed for J. Walter, Charing-Cross; and C. Dilly, in the Poultry"
"139";"printed";"for";"J. Johnson";"St. Paul's Church-Yard";"";"printed for the author; sold by J. Johnson, St. Paul's Church-Yard, London; and C. Elliot, Edinbrugh"
"140";"printed";"for";"J. Debrett";"Burlington House";"opposite";"printed for J. Debrett, opposite Burlington House, Piccadilly"
"141";"printed";"by";"John Humfreys";NA;"in";"printed by John Humfreys, in Bartholomew-Lane"
"142";"printed";"for";"T. Spence";"Little-Turnstile";"at the hive of liberty , No. 8 ,";"printed for T. Spence, at the hive of liberty, No. 8, Little-Turnstile, High-Holborn"
"143";"printed";"for";"G. Burnet";NA;NA;"printed for G. Burnet"
"144";"printed";"for";"J. Roberts";"Oxford Arms";"near the";"printed for J. Roberts, near the Oxford Arms in Warwick-Lane and A. Dodd, at the Peacock without Temple-Bar. 1719. Where Letters are taken in directed for the Patrician"
"145";"printed";"for";"E. Curll";"Catherine-Street";"";"printed for E. Curll, over against Catherine-Street in the Strand; and T. Payne, near Stationers-Hall"
"146";"printed";"for";"R. Blamire";NA;NA;"printed for R. Blamire"
"147";"printed";"for";"R. Snagg";"Pater-Noster-Row";"No. 29 ,";"printed for R. Snagg, No. 29, Pater-Noster-Row"
"148";"Printed";"for";"T. Cooper";"Globe";"at the";"Printed for T. Cooper at the Globe in Pater-noster-row"
"149";"printed";"for";"J. Hodges";"Looking-Glass";"at the facing";"printed for J. Hodges, at the Looking-Glass, facing St. Magnus-Church London-Bridge; and B. Collins at Salisbury"
"150";"Printed";"by";"Society";NA;NA;"Printed by order of the Society"
"151";"printed";"by";"Stuart";"Adelphi";"Near The";"printed by Stuart and Stevenson, for J. Strachan, Near The Adelphi, Strand"
"152";"Printed";"for";"M. Cooper";"Globe";"at the in";"Printed for M. Cooper, at the Globe, in Pater-noster-Row"
"153";"printed";"by";"E. Smith";"Cornhill";"in";"printed and sold by E. Smith, in Cornhill"
"154";"printed";"by";"Jennings";NA;NA;"printed and sold by Jennings"
"155";"sold";"by";"London";NA;"";"Sold by the booksellers of London and Westminster"
"156";"printed";"for";"G. Kearsley";"Johnson's Head";"at No. 46 ,";"printed for G. Kearsley, at Johnson's Head, No. 46, Fleet-Street"
"157";"printed";"for";"John Chandler";"Cross-Keys";"at the in the";"printed for John Chandler, at the Cross-Keys, in the Poultry"
"158";"printed";"by";"J. Dutton";NA;NA;"printed by J. Dutton"
"159";"printed";"for";"R. Baldwin";"Rose";"at the";"printed for R. Baldwin, at the Rose in Pater-Noster Row"
"160";"printed";"for";"R. Griffiths";"Pater-Noster Row";"in";"printed for R. Griffiths, in Pater-Noster Row"
"161";"printed";"by";"R. Moffet";NA;NA;"printed by R. Moffet"
"162";"printed";"by";"J. Roberts";NA;NA;"printed: and sold by J. Roberts"
"163";"printed";"for";"William Rayner";"King's-Bench";"in the and to be sold at the and likewise at the over-against the";"printed for William Rayner, prisoner in the King's-Bench, and to be sold at the Theatre, and likewise at the Printing-Office in Marigold Court, over-against the Fountain-Tavern in the Strand"
"164";"printed";"by";"M. Cooper";"Globe";"at the in";"printed, and sold by M. Cooper, at the Globe, in Pater-Noster-Row"
"165";"printed";"for";"H. D. Symonds";"Paternoster-Row";"";"printed for the author, and sold by H. D. Symonds, Paternoster-Row; and all other Booksellers"
"166";"printed";"by";"W. Griffin";NA;NA;"printed by W. Griffin"
"167";"printed";"for";"J. Dodsley";NA;"";"printed for J. Dodsley and B. Law"
"168";"printed";"for";"C. Hitch";"Pater-Noster-Row";"in and R.";"printed for C. Hitch in Pater-Noster-Row, and R. Dodsley in Pall-Mall"
"169";"printed";"for";"C. Hitch";"Pater-Noster-Row";"in and R. in";"printed for C. Hitch in Pater-Noster-Row, and R. Dodsley, in Pall-Mall"
"170";"printed";"for";"P. Crampton";"Addison's-Head";"at over-against the";"printed for P. Crampton, at Addison's-Head, over-against the Horse-Guard in Dame-Street"
"171";"printed";"for";"M. Cooper";"Globe";"at the in";"printed for M. Cooper, at the Globe, in Pater-Noster-Row"
"172";"printed";"for";"T. Cooper";"Globe";"at the in";"printed for T. Cooper, at the Globe, in Pater-Noster-Row"
"173";"printed";"for";"W. Bowyer";"Cicero's Head";"at";"printed for W. Bowyer and J. Nichols, at Cicero's Head, Red-Lion-Passage, Fleet-Street"
"174";"printed";"by";"E. Piercy";NA;NA;"printed by E. Piercy"
"175";"printed";"for";"Dan. Browne";"Black-Swan";"at the";"printed for Dan. Browne, at the Black-Swan without Temple-Bar"
"176";"printed";"by";"Majesty's Law Printers";"Fleet Street";"No. 46 ,";"printed by his Majesty's Law Printers, for C. and G. Kearsley, No. 46, Fleet Street"
"177";"printed";"for";"J. Murray";"Fleet-Street";"No. 32 ,";"printed for J. Murray, No. 32, Fleet-Street"
"178";"printed";"by";"Fr. Collins";NA;"";"printed by Fr. Collins, and are to be sold by the booksellers of London and Norwich"
"179";"printed";"for";"C. Moran";"Great Piazza";"in the";"printed for the author; and sold by C. Moran, in the Great Piazza, Covent Garden"
"180";"printed";"for";"T. Becket";"Pall Mall";"";"printed for T. Becket, Pall Mall"
"181";"printed";"for";"A. Baldwin";NA;"in";"printed for A. Baldwin, in Warwick-Lane"
"182";"printed";"for";"J. Wilkie";"St. Paul's Church-Yard";"in";"printed for J. Wilkie, in St. Paul's Church-Yard"
"183";"printed";"for";"J. Wilford";"Stationers-Hall";"near and sold by the booksellers of";"printed for J. Wilford, near Stationers-Hall, and sold by the booksellers of London and Westminster"
"184";"Printed";"by";"J. Wilford";NA;"near";"Printed and sold by J. Wilford, near Stationers-Hall"
"185";"printed";"for";"J. Huggonson";"Sword and Buckler Court";"in over against the";"printed for J. Huggonson, in Sword and Buckler Court, over against the Crown-Tavern on Ludgate-Hill"
"186";"printed";"for";"William Smith";"Hercules";"at the";"printed for William Smith, Bookseller, at the Hercules in Dame-Street"
"187";"printed";"by";"Sampson Low";"Berwick Street";"";"printed by and for Sampson Low, Berwick Street, Soho : and sold by C. Law, Ave Maria Lane; and E. Booker, New Bond Street"
"188";"printed";"by";"Macfarquhar";NA;"";"printed [by Macfarquhar and Elliot] for Charles Elliot, Edinburgh; and G. G. J. & J. Robinson, London"
"189";"printed";"for";"T. Kay";"Strand";"No. 332.";"printed for T. Kay, No. 332. Strand; sold by W. Creech, Edinburgh"
"190";"Printed";"by";"Alex. Chapman";NA;"";"Printed by Alex. Chapman & Co. for James Watson, NO 40. South Bridge"
"191";"Printed";"for";"J. Batley";"Dove";"at the T. at the and T. at the";"Printed for J. Batley, at the Dove in Pater-noster-Row, T. Cox, at the Lamb under the Royal Exchange, and T. Astley, at the Rose in St. Paul's Church-Yard"
"192";"printed";"for";"J. Rivington";NA;"";"printed for J. and F. Rivington, L. Hawes, W. Clark and R. Collins, W. Johnston, S. Crowder, T. Longman, B. Law, and R. Baldwin"
"193";"printed";"for";"J. Roberts";NA;NA;"printed for J. Roberts"
"194";"printed";"for";"J. Wilford";NA;"";"printed for J. Wilford, and sold by the booksellers of London and Westminster"
"195";"printed";"for";"J. Wilford";"Stationers-Hall";"near and sold by the booksellers of";"printed for J. Wilford, near Stationers-Hall, and sold by the booksellers of London and Westminster"
"196";"printed";"for";"J. Chrichley";"London-Gazette";"at the";"printed for J. Chrichley, at the London-Gazette, Charing-Cross; and sold by J. Wilford, at the Three Flower-de-Luces behind the Chapter-House in St. Paul's Church-Yard"
"197";"printed";"for";"J. Williams";NA;NA;"printed for J. Williams"
"198";"printed";"for";"John Williams";"Ludgate-Hill";"on";"printed for John Williams, Bookseller, on Ludgate-Hill"
"199";"printed";"for";"B. Crosby";"Stationers Court";"No. 4 ,";"printed for B. Crosby, No. 4, Stationers Court, Ludgate Street; and C. Chapple, NO. 66, Pall Mall"
"200";"printed";"for";"B. Crosby";"Stationer's Court";"NO. 4 , Near";"printed for B. Crosby, NO. 4, Stationer's Court, Ludgate Street, Near Stationer's Hall"
"201";"printed";"by";"William";NA;"";"printed by William M'Kenzie"
"202";"printed";"by";"B. Thorn";NA;"";"printed and sold by B. Thorn, Bookseller; and Mess. Richardson and Urquhart, London"
"203";"printed";"for";"R. Francklin";"Sun";"at the";"printed for R. Francklin, at the Sun in Fleet-Street"
"204";"printed";"by";"William Dicey";NA;NA;"printed by William Dicey"
"205";"printed";"for";"John Morphew";NA;"near";"printed for John Morphew, near Stationers-Hall"
"206";"printed";"for";"T. Fisher";"Rochester";"in";"printed for T. Fisher, Bookseller, in Rochester; sold by S. Crowder, in Pater-Noster-Row; and W. Harris, No. 70, in St. Paul's-Church-Yard"
"207";"printed";NA;NA;NA;"";"printed, and sold Benj. Bragge"
"208";"printed";"for";"Winckworth's Buildings";"London";"";"printed for the author, and may be had of him at his house, No. 5, Winckworth's Buildings, London; and of all the booksellers"
"209";"printed";"for";"Eman. Matthews";"Bible";"at the";"printed for Eman. Matthews, at the Bible in Paternoster-Row"
"210";"printed";"by";"J. Humfreys";NA;NA;"printed by J. Humfreys"
"211";"Printed";"in";NA;"London";"";"Printed and sold in Bow church-yard, London"
"212";"printed";"for";"M. Cooper";NA;"";"printed for M. Cooper; A. Dodd; and G. Woodfall"
"213";"printed";"for";"R. Francklin";"Sun against St. Dunstan's Church";"at the in";"printed for R. Francklin, at the Sun against St. Dunstan's Church, in Fleet-Street"
"214";"printed";"for";"J. Debrett";"Burlington-House";"opposite";"printed for J. Debrett (successor to Mr. Almon), opposite Burlington-House, Piccadilly; and sold by J. Fielding, Paternoster-Row; and G. Kearsley, Fleet-Street"
"215";"printed";"for";"J. Moore";NA;"near";"printed for J. Moore, near St. Paul's"
"216";"printed";"for";"G. Kearsly";"Ludgate-Street";"in";"printed for G. Kearsly, in Ludgate-Street; Richardson and Urquhart, under the Royal Exchange; and G. Woodfall, at Charing-Cross"
"217";"printed";"for";"S. West";"St. Paul's";"near";"printed for S. West, near St. Paul's; and sold by the booksellers of London and Westminster"
"218";"printed";"for";"F. Newbery";NA;NA;"printed for F. Newbery"
"219";"printed";"for";"T. Egerton";NA;"";"printed for T. and J. Egerton, Charing Cross"
"220";"printed";"for";"Bernard Lintott";"Cross-Keys betwixt the two Temple Gates";"at the";"printed for Bernard Lintott at the Cross-Keys betwixt the two Temple Gates in Fleet-Street"
"221";"printed";"by";"J. Graves";"St. James's-Street";"in J. over-against in F.";"printed: and sold by J. Graves, in St. James's-Street, J. Hook, over-against St. Dunstan's Church, in Fleet-Street, F. Jefferies. in Ludgate-Street. C. King, in Westminster-Hall, and T. Cox, at the Royal-Exchange"
"222";"Printed";"by";"Daniel Isaac Eaton";NA;"No. 74 ,";"Printed and sold by Daniel Isaac Eaton, No. 74, Newgate-Street"
"223";"reprinted";"by";"Edw. Sandys";NA;NA;"re-printed by Edw. Sandys"
"224";"printed";"by";"J. Nutt";NA;"near";"printed, and are to be sold by J. Nutt near Stationers-Hall"
"225";"printed";"by";"T. Wilkins";"Cow-Lane";"no. 45 ,";"printed and sold by T. Wilkins, No 45, Cow-Lane, Snow-Hill Sold also by J. Buckland, No. 57, Paternoster-Row; J. Johnson, No. 72, St Paul's Church-Yard, and J. Mathews, No 18, Strand"
"226";"printed";"for";"W. Sandby";"Ship";"at the opposite and J.";"printed for the author, and sold by W. Sandby, at the Ship, opposite St. Dunstan's Church, and J. Williams in Fleet Street; and J. Almon, in Piccadilly"
"227";"printed";"for";"M. Cooper";"Pater-Noster Row";"in near";"printed for M. Cooper, in Pater-Noster Row, near St. Paul's"
"228";"printed";"for";"J. Nutt";NA;"near";"printed for J. Nutt, near Stationers-Hall"
"229";"printed";"for";"Richard Ware";NA;NA;"printed for Richard Ware"
"230";"Printed";"by";"A. Baldwin";"Oxford-Arms";"near the";"Printed and sold by A. Baldwin, near the Oxford-Arms in Warwick-Lane"
"231";"printed";"for";"J. Johnson";"St. Paul's Church-Yard";"No. 72 ,";"printed for J. Johnson, No. 72, St. Paul's Church-Yard"
"232";"printed";"for";"G. G.";"Paternoster-Row";"";"printed for the author; and sold by G. G. and J. Robinson, T. N. Longman, Paternoster-Row ; and F. and C. Rivington, St. Paul's Church-Yard,. And may be had of every bookseller in the kingdom"
"233";"printed";"by";"R. Baldwin";"Pater-Noster-Row";"in";"printed and sold by R. Baldwin, in Pater-Noster-Row"
"234";"printed";"by";"C. W. Leadbeater";NA;NA;"printed and sold by C. W. Leadbeater"
"235";"printed";"by";"James Belcher";"London";"";"printed by James Belcher; sold by J. and A. Arch, Grace-Church Street, London"
"236";"printed";"in";NA;NA;"";"printed in the year"
"237";"Printed";"for";"Carnan";"St. Paul's Church-Yard";"in";"Printed for Carnan and Newbery, Booksellers, in St. Paul's Church-Yard, London"
"238";"printed";"by";"Henry Cock";NA;NA;"printed by Henry Cock"
"239";"printed";"for";"J. Sewell";"Cornhill";"No. 32 ,";"printed for J. Sewell, No. 32, Cornhill"
"240";"printed";"by";"Marchbank";"Chancery-Lane";"";"printed by Marchbank, 18, Chancery-Lane"
"241";"printed";"for";"J. Almon";"Burlington-House";"opposite";"printed for J. Almon, opposite Burlington-House, Piccadilly"
"242";"printed";"by";"James Phillips George-Yard";"Lombard-Street";"";"printed and sold by James Phillips George-Yard, Lombard-Street"
"243";"printed";"by";"W. Botham";NA;"";"printed by W. Botham; for James Knapton"
"244";"printed";"for";"Tho. Cox";"Lamb";"at the under the";"printed for Tho. Cox, at the Lamb, under the Royal-Exchange"
"245";"Printed";"in";NA;NA;"";"Printed in the year"
"246";"Printed";"in";NA;NA;"";"Printed in the year"
"247";"printed";"for";"J. Roberts";"Oxford-Arms";"near the";"printed for J. Roberts, near the Oxford-Arms in Warwick-Lane"
"248";"printed";"for";"Richard Ware";NA;NA;"printed for Richard Ware"
"249";"printed";"for";"W. Owen";NA;"near";"printed for W. Owen, near Tember-Bar"
"250";"printed";"By";"R. Morison Junior";NA;"";"printed By R. Morison Junior, for R. Morison & Son, booksellers"
"251";"printed";"for";"J. Roberts";NA;"in";"printed for J. Roberts, in Warwick-Lane"
"252";"printed";"for";"J. Pridden";"Fleet-Street";"in";"printed for the translator; and sold by J. Pridden, in Fleet-Street"
"253";"printed";"by";"J. Watts";NA;"";"printed by J. Watts for the author"
"254";"printed";"for";"J. Owen";"Piccadilly";"No. 168 ,";"printed for J. Owen, No. 168, Piccadilly; and Symonds, Paternoster Row"
"255";"printed";"by";"S. Keimer";NA;NA;"printed by S. Keimer"
"256";"printed";"for";"J. Dodsley";"Pall-Mall";"in";"printed for J. Dodsley, in Pall-Mall"
"257";"printed";"by";"T. Lockett";"Exeter";"";"printed and sold by T. Lockett, Bookseller. Also, by M'kenzie and Son, Exeter"
"258";"printed";"by";"J. Roach";NA;NA;"printed by and for J. Roach"
"259";"Printed";"by";"W. Bulmer";"Cleveland-Row";"";"Printed by W. Bulmer and Co. Russel-Court, Cleveland-Row, St. James's"
"260";"printed";"for";"London";NA;"";"printed for the author, and sold by the booksellers of London and Westminster"
"261";"printed";"for";"John Sackfield";"Lincoln's-Inn-Square";"in";"printed for John Sackfield in Lincoln's-Inn-Square; and sold by John Morphew, near Stationers-Hall"
"262";"sold";"by";"Benj. Bragge";NA;NA;"sold by Benj. Bragge"
"263";"printed";"in";NA;NA;"";"printed in the year"
"264";"printed";"for";"Osborne";NA;"";"printed for Osborne and Griffin, and J. Mozley, Gainsbrough"
"265";"printed";"by";"T. Johnson";NA;"NO. 10 , In";"printed by T. Johnson and Co., NO. 10, In Castle Street"
"266";"printed";"for";"William Lane";"Minerva-Press";"at the";"printed for William Lane, at the Minerva-Press, Leadenhall-Street"
"267";"printed";"by";"J. H.";"Angel";"at the";"printed by J. H. for John Lawrence, at the Angel in the Poultrey"
"268";"printed";"by";"Rich.";NA;"";"printed by the assigns of Rich. and Edward Atkins, Esqrs. for Charles Harper at the Flower-de-Luce over against St. Dunstan's Church in Fleet street"
"269";"printed";"for";"Charles Harper";"Flower-de-Luce";"at the over against";"printed for Charles Harper, and sold by John Hooke, at the Flower-de-Luce, over against St. Dunstan's Church in Fleetstreet"
"270";"printed";"by";"J. Carson";NA;"";"printed by J. Carson, for Jer. Pepyat, Bookseller in Skinner-Row"
"271";"printed";"for";"W. Gordon";NA;"";"printed for W. Gordon, J. Dickson, and P. Hill"
"272";"sold";"by";"William Watson";NA;"in town and country";"sold by William Watson, and by the booksellers, chapmen and hawkers, in town and country"
"273";"printed";"for";"R. Dodsley";"Pall-Mall";"in";"printed for R. and J. Dodsley, in Pall-Mall"
"274";"printed";"by";"George Bigg";"Libraries";"at their respective circulating near and near";"printed by George Bigg, for F. and J. Noble, at their respective circulating Libraries, near Middle Row, Holborn, and St. Martin's-Court, near Leicester-Square"
"275";"printed";"for";"S. Bladon";"Pater-Noster-Row";"in";"printed for S. Bladon, in Pater-Noster-Row"
"276";"printed";"for";"J. Roberts";"Oxford-Arms";"near the";"printed for J. Roberts, near the Oxford-Arms in Warwick-Lane"
"277";"printed";"by";"Geo. Faulkner";NA;"in";"printed by and for Geo. Faulkner in Essex-Street"
"278";"Printed";"for";"J. Pemberton";"Golden Buck";"at the and";"Printed for J. Pemberton at the Golden Buck in Fleetstreet, and"
"279";"printed";"for";"J. Brindley";"King's-Arms";"at the";"printed for J. Brindley, at the King's-Arms in New Bond-Street; sold by Mrs. Dodd, at the Peacock, without Temple-Bar; and by the booksellers of London and Westminster"
"280";"printed";"by";"W. Wilkins";NA;"";"printed by W. Wilkins, for J. Peele"
"281";"sold";"by";"J. Roberts";"Oxford-Arms";"near the";"sold by J. Roberts, near the Oxford-Arms in Warwick-Lane"
"282";"sold";"by";"William Watson";"No. 7";"";"sold by William Watson, and Son No. 7, Capel-Street, Printers to the Cheap Repository for Religious and Moral Tracts, and by the booksellers, chapmen and hawkers, in town and country, Great Allowance to Shopkeepers, Chapmen and Hawkers"
"283";"printed";"for";"J. Walthoe";NA;"";"printed for J. Walthoe, J. Knapton, R. Knaplock, G. Conyers, R. Wilkin, D. Midwinter, B. Lintot, A. Bettesworth, B. Sprint, J. Bonwick, R. Robinson, B. Motte, A. Ward, T. Longman, S. Birt, T. Ward and E. Wicksterd"
"284";"printed";"by";"Thomas Ruddiman";"Homer's Head over-against St. Dunstan's Church";"at";"printed [by Thomas Ruddiman] for Lawton Gilliver, at Homer's Head over-against St. Dunstan's Church, Fleet-Street"
"285";"printed";"for";"B. Motte";"Middle-Temple Gate";"at the";"printed for B. Motte and C. Bathurst, at the Middle-Temple Gate in Fleet-Street"
"286";"Printed";"for";"J. Roberts";NA;"in";"Printed for J. Roberts in Warwick-Lane"
"287";"printed";"by";"R. Fleming";NA;NA;"printed by R. Fleming"
"288";"printed";"for";"L. Gilliver";"Homer's Head";"at and at their";"printed for L. Gilliver and J. Clark, at Homer's Head in Fleetstreet, and at their Shop in Westminster-Hall"
"289";"printed";"in";NA;NA;"";"printed in the year"
"290";"printed";"for";"T. Woodward";NA;"";"printed for T. Woodward, A. Ward, S. Birt, D. Browne, T. Longman, R. Hett, C. Hitch, H. Whitridge, S. Austen, J. Hodges, J. Robinson, B. Dod, T. Harris, J. Hinton, and J. Rivington"
"291";"printed";"for";"Thomas Bennet";NA;"";"printed for Thomas Bennet; John Nicholson; and Daniel Midwinter"
"292";"printed";"by";"";NA;NA;"printed by the author, & sold at his warehouse"
"293";"printed";"for";"R. Knaplock";NA;"";"printed for R. Knaplock, J. Sprint, R. Smith, B. Lintott, and J. Round"
"294";"printed";"by";"J. Reeves";"at the Globe";"";"printed by J. Reeves, and sold by M. Cooper at the Globe in Pater-Noster-Row"
"295";"Printed";"for";"Dodsley";"Tully's Head";"at in";"Printed for Mess. Dodsley, at Tully's Head, in Pallmall ; and sold by M. Cooper, in Pater-Noster Row"
"296";"printed";"for";"W. Lane";"Leadenhall Street";"";"printed for W. Lane, Leadenhall Street"
"297";"printed";"for";"W. Jackson";NA;NA;"printed for the author, by W. Jackson"
"298";"printed";"for";"W. Nicoll";"St. Paul's Church Yard";"in";"printed for W. Nicoll, in St. Paul's Church Yard"
"299";"printed";"for";"T. Becket";"Pall-Mall";"In";"printed for T. Becket, In Pall-Mall"
"300";"printed";"for";"R. Baldwin";"Rose";"at the";"printed for R. Baldwin, at the Rose in Pater-Noster Row"
"301";"printed";"for";"R. Dodsley";"Pall-Mall";"in and M. in";"printed for R. and J. Dodsley, in Pall-Mall, and M. Cooper, in Pater Noster-Row"
"302";"printed";"for";"J. Buckland";NA;"";"printed for J. Buckland, and J. Johnson and J. Payne, in Pater-Noster-Row; and J. Dodsley, in Pall-Mall"
"303";"printed";"for";"John Hart";"Popping's Court";"in";"printed for the author, and sold by John Hart, in Popping's Court, Fleet-Street"
"304";"printed";"for";"J. Dodsley";"Pall-Mall";"";"printed for J. Dodsley, Pall-Mall"
"305";"printed";"by";"Oli. Nelson";NA;"";"printed by Oli. Nelson, for the translator"
"306";"printed";"for";"T. Cooper";"Globe";"at the";"printed for T. Cooper, at the Globe in Pater-Noster-Row"
"307";"Printed";"for";"J. Robinson";NA;"";"Printed for G.G. and J. Robinson, R. Baldwin, Ogilvy and Son, F. and C. Rivington, G. Wilkie, J. Walker, Longman and Rees, Cadell and Davies, and Lackington, Allen, and Co.; by G. Woodfall, No. 22, Paternoster-Row"
"308";"printed";"for";"Richardson";NA;"";"printed for the author; and sold by Richardson and Urquhart, under the Royal Exchange; J. Robson, New Bond Street; and W. Pennington, Kendal"
"309";"printed";"for";"R. Palmer";"Crown";"at the";"printed for R. Palmer, at the Crown without Temple-Bar; and sold by J. Roberts, in Warwick-Lane"
"310";"printed";"for";"T. Warner";"Black-Boy";"at the";"printed for T. Warner, at the Black-Boy in Pater-Noster-Row"
"311";"printed";"for";"T. Cooper";"Globe";"at the";"printed for T. Cooper, at the Globe in Pater-Noster Row"
"312";"printed";"by";"Edw. Sandys";NA;NA;"printed by Edw. Sandys"
"313";"Printed";"in";NA;NA;"";"Printed in the year"
"314";"printed";"for";"J. Murray";"Fleet-Street";"no. 32 ,";"printed for J. Murray, No 32, Fleet-Street; and John Bell at Edinburgh"
"315";"Printed";"by";"D. Edwards";NA;"";"Printed by D. Edwards, and sold by the booksellers of London and Westminster"
"316";"printed";"for";"Bernard Lintott";"Cross-Keys";"at the between the";"printed for Bernard Lintott, at the Cross-Keys, between the Two Temple Gates in Fleetstreet"
"317";"printed";"for";"W. Webb Junior";"Temple-Bar";"at";"printed for W. Webb Junior, at Temple-Bar"
"318";"printed";"for";"R. Dodsley";"Tully's Head";"at";"printed for R. Dodsley, at Tully's Head in Pallmall"
"319";"printed";"for";"L. Gilliver";"Homer's Head";"at over against in";"printed for L. Gilliver, at Homer's Head, over against St. Dunstan's Church, in Fleet-Street"
"320";"printed";"by";"H. Hills";"Black-Fryars";"in near the";"printed and sold by H. Hills, in Black-Fryars, near the Water-Side"
"321";"printed";"for";"G. Riebau";"Strand";"No. 439 , Near";"printed for G. Riebau, No. 439, Strand, Near Buckingham-Street"
"322";"printed";"for";"J. Wilkie";"St. Paul's Church-Yard";"in";"printed for J. Wilkie, in St. Paul's Church-Yard"
"323";"printed";"for";"J. Bell";"Oxford-Street";"No. 148 , Opposite";"printed for J. Bell, No. 148, Oxford-Street, Opposite New Bond-Street"
"324";"printed";"for";"W. Nicoll";"Paper-Mill";"at the";"printed for W. Nicoll, at the Paper-Mill in St. Paul's Church-Yard"
"325";"printed";"by";"T. Gillet";"Paternoster-Row";"";"printed by T. Gillet, (19) Bartholomew-Close, and sold by H. D. Symonds, Paternoster-Row"
"326";"printed";"for";"W. Bizet";"Golden-Ball";"at the in";"printed for W. Bizet, at the Golden-Ball, in St. Clement's Church-Yard"
"327";"printed";"for";"G. Kearsly";"Golden Lion";"at the in";"printed for G. Kearsly, at the Golden Lion, in Ludgate-Street"
"328";"printed";"for";"J. Scott";"Black-Swan";"at the in";"printed for J. Scott, at the Black-Swan, in Pater-Noster Row"
"329";"printed";"for";"T. Payne";"Crown";"at the";"printed for T. Payne, at the Crown in Pater-Noster-Row"
"330";"printed";"for";"John Stockdale";"Piccadilly";"";"printed for John Stockdale, Piccadilly"
"331";"printed";"for";"J. Owen";"Piccadilly";"NO. 168 ,";"printed for J. Owen, NO. 168, Piccadilly"
"332";"printed";"for";"J. Wilkie";NA;NA;"printed for the author, and sold by J. Wilkie"
"333";"printed";"for";"W. Flexney";"Gray's-Inn Gate";"near";"printed for W. Flexney, near Gray's-Inn Gate, Holborn"
"334";"printed";"for";"J. Stockdale";NA;"";"printed for J. Stockdale; and J. F. and C. Rivington"
"335";"printed";"for";"N. Conant";"Fleet Street";"";"printed for N. Conant, Fleet Street"
"336";"printed";"for";"G. Kearsley";"Fleet-Street";"";"printed for G. Kearsley, Fleet-Street"
"337";"printed";"by";"Cooper";"Burlington House";"opposite";"printed by Cooper and Graham, for J. Debrett, opposite Burlington House, Piccadilly"
"338";"printed";"by";"Cooper";"Burlington House";"opposite";"printed by Cooper and Graham, for J. Debrett, opposite Burlington House, Piccadilly"
"339";"printed";"for";"T. Cooper.";NA;"";"printed for T. Cooper. and sold by the booksellers of London and Westminster"
"340";"printed";"by";"J. Chambers";NA;NA;"printed by J. Chambers"
"341";"reprinted";"by";"George Faulkner";"Gunne";"at his shop , by R. by J.";"re-printed by George Faulkner, and sold at his shop, by R. Gunne, by J. Smith and W. Bruce"
"342";"printed";"for";"A. Baldwin";"Oxford-Arms";"near the";"printed for A. Baldwin, near the Oxford-Arms in Warwick-Lane"
"343";"printed";"for";"J. Bell";"Oxford-Street";"NO. 148 ,";"printed for J. Bell, NO. 148, Oxford-Street"
"344";"printed";"for";"T. Cooper";"Globe";"at the";"printed for T. Cooper, at the Globe in Pater-Noster-Row; and sold by the booksellers of London and Westminster"
"345";"printed";"for";"J. Owen";"Piccadilly";"NO. 168 , Facing";"printed for J. Owen, NO. 168, Piccadilly, Facing Bond-Street"
"346";"printed";"by";"Smart";NA;"";"printed and sold by Smart and Cowslade; sold also by T. Whieldon, in Fleet-Street, London; and Prince and Jackson, Oxford"
"347";"printed";"for";"G. G. J.";"Paternoster-Row";"";"printed for G. G. J. and J. Robinson, Paternoster-Row; T. Payne, at the Meuse-Gate; and R. Faulder, in Bond-Street"
"348";"printed";"for";"J. Wright";"Old Bond-Street";"opposite";"printed for J. Wright, opposite Old Bond-Street, Piccadilly"
"349";"printed";"for";"J. Roberts";"Oxford-Arms";"at the";"printed for J. Roberts, at the Oxford-Arms in Warwick-Lane"
"350";"printed";"for";"R. Baldwin";NA;NA;"printed for R. Baldwin"
"351";"Printed";"for";"T. Cooper";NA;NA;"Printed for T. Cooper"
"352";"printed";"for";"Robert Turner";NA;"in the year";"printed for Robert Turner, in the year"
"353";"printed";"for";"A. Dodd";"Peacock";"at the and sold by the booksellers of";"printed for A. Dodd, at the Peacock without Temple-Bar, and sold by the booksellers of London and Westminster"
"354";"printed";"for";"J. Pottinger";"Pater-Noster Row";"in and J. in";"printed for J. Pottinger, in Pater-Noster Row, and J. Seymour, in Threadneedle Street"
"355";"printed";"for";"James Buckland";NA;NA;"printed for James Buckland"
"356";"printed";"for";"W. Nicoll";"St. Paul's Church Yard";"in";"printed for W. Nicoll in St. Paul's Church Yard"
"357";"printed";"for";"J. Wilkie";"St. Paul's Church-Yard";"in";"printed for and sold by J. Wilkie, behind the Chapter-House, in St. Paul's Church-Yard; and G. Burnet, without Temple-Bar"
"358";"printed";"for";"";NA;NA;"printed for the author"
"359";"printed";"for";"M. Cooper";"Globe";"at the W. in and T. in in the";"printed for M. Cooper, at the Globe in Paternoster-Row, W. Shropshire, in New Bondstreet, and T. Davies, in Old Round Court, in the Strand"
"360";"printed";"by";"J. Hinxmam";NA;NA;"printed, and sold by J. Hinxmam [sic]"
"361";"printed";"for";"Ward";"Ship";"at the and at their";"printed for and sold by Ward and Chandler, at the Ship without Temple-Bar, and at their Shops in Coney-Street, York; and at Scarborough Spaw"
"362";"printed";"for";"J. Symington";NA;"";"printed for J. Symington, Bookseller Parliament Square"
"363";"printed";"for";"Thomas Trye";"Gray's Inn-Gate";"near";"printed for Thomas Trye near Gray's Inn-Gate in Holbourn"
"364";"printed";"for";"P. Byrne";NA;"";"printed for P. Byrne, J. Moore, W. Jones, and J. Rice"
"365";"printed";"by";"His Majesty's Law Printers";NA;"";"printed by His Majesty's Law Printers, for J. F. and C. Rivington, W. Owen, T. Longman, J. Johnson, G. Robinson, W. Flexney, W. Fox, E. Brooke, S. Hayes, and T. Whieldon and Co"
"366";"printed";"for";"J. Walter";"Homer's Head";"at";"printed for J. Walter, at Homer's Head, Charing-Cross"
"367";"printed";"for";"R. Walker";"White : Hart";"at the without";"printed for R. Walker, at the White: Hart, without Temple-Bar; and sold by all book-sellers and pamphlet-sellers"
"368";"printed";"for";"J. Cooke";"King's-Arms";"at the in";"printed for J. Cooke, at the King's-Arms, in Great-Turnstile, Holborn"
"369";"printed";"by";"George Faulkner";NA;"in";"printed by and for George Faulkner, in Essex-Street"
"370";"printed";"for";"T. Cooper";"Globe";"at the";"printed for T. Cooper, at the Globe in Pater-Noster-Row"
"371";"printed";"for";"John Fuller";NA;"in";"printed for John Fuller, in Ave-Maria-Lane"
"372";"printed";"for";"Joseph Gurney";"Holborn";"No. 54 , in opposite";"printed for Joseph Gurney, No. 54, in Holborn, opposite Hatton-Garden"
"373";"printed";"for";"J. Williams";"Fleet-Street";"No. 39 ,";"printed for J. Williams, No. 39, Fleet-Street"
"374";"printed";"for";"J. Roberts";NA;"in";"printed for J. Roberts, in Warwick-Lane"
"375";"printed";"for";"Joseph Davidson";NA;NA;"printed for Joseph Davidson"
"376";"printed";"by";"S. Powell";NA;"";"printed by S. Powell, and sold by T. Moore"
"377";"printed";"for";"G. Faulkner";"Essex-Street and";"in";"printed for G. Faulkner, in Essex-Street and J. Rudd, at the Apollo in Dame-Street"
"378";"printed";"by";"Henry Lintot";NA;"";"printed by Henry Lintot, Law-Printer to the King's most Excellent Majesty; for W. Owen, at Homer's Head, near Temple Bar"
"379";"printed";"for";"Great Britain-Street";NA;"No. 2 ,";"printed for the author, and sold by him, at No. 57, Great Britain-Street, and No. 2, Ormond-Quay"
"380";"printed";"by";"R. Edw. Atkins Esquires.";NA;"";"printed by the assigns of R. and Edw. Atkins Esquires. For J. Walthoe, and M. Wotton"
"381";"printed";"by";"L. Lichfield";NA;"";"printed by L. Lichfield, for A. and J. Churchil, R. Sare, H. Bonwick, W. Freeman, T. Goodwyn, M. Wotton, J. Waltho, S. Manship, J. Nicholson, R. Parker, B. Tooke"
"382";"printed";"for";"G. Spavan";"in the Strand";"";"printed for G. Spavan, next Door to the Feathers Tavern. over-against St. Clement's-Church in the Strand; and sold at the pamphlet-shops of London and Westminster"
"383";"printed";"for";"Richardson";NA;"";"printed for Richardson and Urquhart, under the Royal Exchange"
"384";"printed";"for";"Elizabeth Watts";NA;"in";"printed for Elizabeth Watts, in Skinner-Row"
"385";"printed";"by";"D. Paterson";NA;"";"printed by D. Paterson, for W. Gibb, Bookseller in the Parliament-House"
"386";"printed";"by";"Richard";"at the Black Boy against St. Dunstan's Church";"";"printed by the assigns of Richard and Edward Atkins, for Abel Roper at the Black Boy against St. Dunstan's Church, Fleetstreet"
"387";"printed";"for";"T. Becket";"Strand";"in the";"printed for T. Becket and P. A. De Hondt, in the Strand"
"388";"printed";"by";"H. Woodfall";NA;"";"printed by H. Woodfall and W. Strahan, Law Printers to the King's most Excellent Majesty; for W. Owen, near Temple Bar, Fleetstreet"
"389";"printed";"for";"J. Roberts";"Oxford-Arms";"at the";"printed for J. Roberts, at the Oxford-Arms in Warwick-Lane"
"390";"printed";"by";"H. Goldney";"Paternoster-Row";"";"printed by H. Goldney, Paternoster-Row; and sold by J. Johnson, St. Paul's Church-Yard; J. Debrett, Piccadilly; J. Sewell, Cornhill; and by Mr. Blanchard, No. 4. Dean-Street, Fetter-Lane"
"391";"printed";"for";"T. Cooper";"Globe";"at the";"printed for T. Cooper, at the Globe in Pater-Noster Row and sold by the booksellers of London and Westminster"
"392";"Printed";"for";"Walter Mowbray";NA;NA;"Printed for the author by Walter Mowbray"
"393";"printed";"by";"Peter Hoey";"Skinner-Row";"no. 1 , and 33 , and no. 111 ,";"printed by Peter Hoey, No 1, Skinner-Row, and 33, Ormond-Quay, and John Jones, No 111, Grafton-Street"
"394";"printed";"for";"W. Owen";"Temple-Gates";"No. 11 , between the in";"printed for W. Owen, No. 11, between the Temple-Gates, in Fleet-Street"
"395";"printed";"by";"T. Boddely.";NA;"";"printed by T. Boddely. And sold by J. Leake and W. Frederick, in Bath; R. Dodsley, in London; and J. Fletcher, in Oxford"
"396";"printed";"for";"W. Hinchliffe";"Dryden's Head";"at under the";"printed for W. Hinchliffe, at Dryden's Head, under the Royal-Exchange; and J. Walthoe, jun. over against the Royal-Exchange, in Cornhill"
"397";"printed";"for";"R. V.";"Mitre";"at the over-against";"printed for R. V. and sold by R. Gosling, at the Mitre, over-against Chancery-Lane; and J. Pemberton, at the Golden Buck over-against St. Dunstan's Church, both in Fleet street"
"398";"printed";"for";"Bernard Lintott";"Cross-Keys next Nando's Coffee-House";"at the";"printed for Bernard Lintott at the Cross-Keys next Nando's Coffee-House in Fleetstreet"
"399";"printed";"for";"R. Moncrieffe";NA;"";"printed for R. Moncrieffe, C. Jenkin, R. Burton, L. White, P. Byrne, J. Cash, S. Colbert, and W. M'Kenzie"
"400";"printed";"for";"Rector";NA;"";"printed for the author, Rector of Bradley in the County of Derby"
"401";"printed";"for";"John Watts";NA;NA;"printed for John Watts"
"402";"Printed";"for";"J. Baker";"Black Boy";"at the";"Printed for J. Baker, at the Black Boy in Pater-Noster Row"
"403";"Printed";"for";"R. Baldwin";"Pater-Noster Row";"in";"Printed for R. Baldwin, in Pater-Noster Row, London"
"404";"printed";"for";"Rector";NA;"";"printed for the author, Rector of Bradley in the County of Derby"
"405";"Published";"by";"W. Richardson";NA;"";"Published by W. Richardson; J Bew; R. Faulder and T. Hookham; J. and T. Egerton; C. Stalker; [and 2 in London and 1 in Worcester"
"406";"printed";"for";"J. Johnson";"St. Paul's Church-Yard";"";"printed for the author, and sold by J. Johnson, St. Paul's Church-Yard; T. Evans, Pater-Noster-Row; T. Cadell, Strand; and J. Stockdale, Piccadilly"
"407";"printed";"by";"Graisberry";"Dame-Street";"NO. 86 ,";"printed by Graisberry and Campbell, for William Jones, NO. 86, Dame-Street"
"408";"printed";"by";"J. Garnet";NA;NA;"printed by J. Garnet"
"409";"printed";"for";"J. Walter";"Char Genre";"at";"printed for J. Walter, at Char Genre ; J. Almon, in Piccadilly; E. and C. Dilly in the Poultry; and W. Griffin, Catherine-Street, Strand"
"410";"printed";"for";"J. Morphew";NA;"near";"printed for J. Morphew, near Stationers-Hall"
"411";"printed";"for";"J. Hinxman";"Paternoster-Row";"in";"printed for the author; and sold by J. Hinxman, in Paternoster-Row; W. Bristow, in St. Paul's Church-Yard; and at the Golden-Ball, opposite St. Clement's Church in the Strand"
"412";"printed";NA;NA;NA;NA;"printed"
"413";"printed";"by";"W. H.";"Oxford Arms";"at the";"printed by W. H. and sold by J. Roberts, at the Oxford Arms in Warwick lane"
"414";"printed";"for";"T. Lowndes";"Fleet-Street";"in";"printed for T. Lowndes, in Fleet-Street"
"415";"printed";"in";NA;NA;"";"printed in the year"
"416";"printed";"by";"Jacob Robinson";"Golden Lyon";"at the and T.";"printed and sold by Jacob Robinson, at the Golden Lyon in Ludgate Street, and T. Warren, Book-Seller in Birmingham"
"417";"printed";"for";"W. Griffin";"Catharine-Street";"in";"printed for W. Griffin, in Catharine-Street, Strand MDCCLXVIII. (P. 1s 6d"
"418";"printed";"for";"A. Millar";"Strand";"in the";"printed for A. Millar, in the Strand"
"419";"printed";"for";"E. Midwinter";"Three Crowns and Looking-Glass";"at the";"printed for E. Midwinter, at the Three Crowns and Looking-Glass in St. Paul's Church-Yard"
"420";"Printed";"for";"S. Hooper";NA;"No. 212 ,";"Printed for S. Hooper, No. 212, High Holborn"
"421";"printed";"for";"W. Owen";"Homer's Head";"at";"printed for W. Owen, at Homer's Head, Temple-Bar"
"422";"printed";"for";"J. Ridgway";"York-Street";"";"printed for the author, and may be had of J. Ridgway, York-Street, St. James's-Square"
"423";"printed";"for";"W. Mears";"Lamb";"at the";"printed for W. Mears, at the Lamb on Ludgate-Hill"
"424";"printed";"for";"R. Burrough";"Sun and Moon";"at the";"printed for R. Burrough and J. Baker, at the Sun and Moon in Cornhill; and sold by John Morphew near Stationer's-Hall"
"425";"printed";"for";"W. Reeve";"Crane-Court";"opposite";"printed for W. Reeve, opposite Crane-Court, Fleet-Street"
"426";"Printed";"by";"Society";NA;"";"Printed by order of the Society, by W. Adlard and J. Browne, in Fleet-Street"
"427";"printed";"for";"E. Curll";NA;"";"printed for E. Curll; J. Pemberton; and W. Taylor"
"428";"printed";"for";"R. Whitworth";"Feathers";"at the in the";"printed for R. Whitworth, at the Feathers, in the Poultry; J. Warcus, at the Indian-Queen, opposite the Mansion-House ; R. Richards, next Barnard's-Inn, Holborn ; W. Mynors, at the Corner of Chancery-Lane, Holborn ; and W. Heard,at the Philobiblian's-Library, Piccadilly"
"429";"printed";"for";"Jer. Batley";"Dove";"at the";"printed for Jer. Batley, at the Dove in Pater-Noster-Row"
"430";"printed";"for";"J. Wilkie";"St. Paul's-Church-Yard";"NO. 71 , in";"printed for J. Wilkie, NO. 71, in St. Paul's-Church-Yard"
"431";"printed";"for";"Murray";"Fleet Street";"NO. 32 ,";"printed for the author; and sold by Murray and Highley, NO. 32, Fleet Street"
"432";"printed";"for";"John Morphew";NA;"near";"printed for John Morphew, near Stationer's-Hall"
"433";"printed";"by";"James Potts";"Dame-Street";"at No. 74 , in";"printed by James Potts, at No. 74, in Dame-Street"
"434";"printed";"for";"James Williams";NA;"at No. 5. in";"printed for James Williams, at No. 5. in Skinner-Row"
"435";"printed";"for";"F. Wingrave";"Strand";"in the";"printed for F. Wingrave (successor to Mr. Nourse), in the Strand; J. Johnson, St. Paul's-Church-Yard; G. G. and J. Robinson, Paternoster-Row; and W. J. and J. Richardson, Royal Exchange"
"436";"printed";"for";"John Morphew";NA;NA;"printed for John Morphew"
"437";"printed";"for";"W. Owen";"Temple-Bar";"near and J. and J. at";"printed for W. Owen, near Temple-Bar, and J. Leake, and J. Frederick, at Bath"
"438";"printed";"for";"R. P.";NA;"";"printed for R. P. and sold by E. Nutt under the Royal-Exchange; A. Dodd without Temple-Bar; and J. Jollyffe, in St. James's-Street"
"439";"printed";"for";"T. Caslon";NA;"";"printed for T. Caslon; T. Lowndes; W. Nicoll; and S. Bladon"
"440";"printed";"for";"W. Griffin";"Catharine-Street";"in";"printed for W. Griffin, in Catharine-Street, Strand"
"441";"printed";"for";"A. Millar";"Buchanan's-Head";"at over-against in the";"printed for A. Millar, at Buchanan's-Head, over-against St. Clement's-Church, in the Strand"
"442";"printed";"by";"W. Bowyer";"Queen's Head against St. Dunstans Church";"at the";"printed by W. Bowyer for Tim. Goodwin, at the Queen's Head against St. Dunstans Church in Fleet-Street"
"443";"printed";"for";"J. Millan";"Whitehall : Where may be had Sets of small Platoons";"near for";"printed for J. Millan, Bookseller, near Whitehall: Where may be had Sets of small Platoons in Ivory or Wood, for Performing the Manoeuvres"
"444";"printed";"by";"I. Moore";NA;"";"printed by I. Moore, for the authors, Charles-Street, St. James's-Square"
"445";"printed";"for";"G. Kearsly";NA;"in";"printed for G. Kearsly, in Ludgate-Street"
"446";"printed";"for";"John Morphew";NA;"near";"printed for John Morphew, near Stationer's-Hall"
"447";"printed";"by";"G. Read";NA;NA;"printed by G. Read"
"448";"printed";"by";"S. Malthus";NA;"";"printed, and sold by S. Malthus, and William Lucas"
"449";"printed";"by";"J. Medley";"Chapter-House";"near the in";"printed by J. Medley, near the Chapter-House, in St. Paul's Church-Yard; and sold by all the booksellers in England and Wales"
"450";"Printed";"at";NA;"Aldermary church yard";"in";"Printed and sold at the prining-office [sic] in Aldermary church yard, London"
"451";"printed";"for";"T. Cooper";"Globe";"at the in";"printed for T. Cooper, at the Globe, in Pater-Noster-Row"
"452";"printed";"in";NA;NA;"";"printed in the year"
"453";"Printed";"at";NA;"in Stonecutter-Street";"";"Printed and sold at Sympson's printing-office in Stonecutter-Street, Fleet-market"
"454";"printed";"by";"H. Watts";NA;"No. 3 ,";"printed by H. Watts, Law Bookseller, No. 3, Christ Church Lane. Of whom may be had a large and well chosen Collection of Law Books new and second hand"
"455";"printed";"by";"T. Baker";"Stationers'-Court";"";"printed by T. Baker; for B. Crosby, Stationers'-Court, London"
"456";"printed";"for";"John Morphew";NA;"near";"printed for John Morphew, near Stationer's-Hall"
"457";"printed";"by";"T. Baker.";"Paternoster-Row";"";"printed by T. Baker. For W. Dawson, Paternoster-Row, London"
"458";"printed";"by";"A. Strahan";NA;"";"printed by A. Strahan and W. Woodfall, Raw Printers to the King's most Excellent Majesty; for J. Butterworth, Fleet-Street"
"459";"printed";"for";"G. G. J.";"Pater-Noster Row";"";"printed for G. G. J. and J. Robinson, Pater-Noster Row"
"460";"printed";"for";"J. Murray";"Fleet Street";"No. 32 ,";"printed for J. Murray, No. 32, Fleet Street"
"461";"printed";"for";"T. Cadell";"Strand";"in the";"printed for T. Cadell, in the Strand"
"462";"printed";"for";"G. Wilkie";"St. Paul's Church-Yard";"No. 71 ,";"printed for G. Wilkie No. 71, St. Paul's Church-Yard"
"463";"printed";"by";"Richard";NA;"";"printed by the assigns of Richard and Edward Atkins Esqs; in the year"
"464";"printed";"for";"John Morphew";NA;"near";"printed for John Morphew, near Stationer's-Hall"
"465";"printed";"for";"J. Wilcox";"Green-Dragon";"at the in";"printed for J. Wilcox, at the Green-Dragon, in Little-Britain"
"466";"printed";"for";"J. Johnson";"St. Paul's Church-Yard";"No. 72 ,";"printed for J. Johnson, No. 72, St. Paul's Church-Yard; and C. Elliot, Edinburgh"
"467";"printed";"by";"G. Auld";"Greville Street";"";"printed by G. Auld, Greville Street, for J. Cuthell, Middle-Row, Holborn"
"468";"printed";"for";"J. Johnson";"St. Paul's Church-Yard";"No. 72 ,";"printed for J. Johnson, No. 72, St. Paul's Church-Yard"
"469";"printed";"for";"S. Sloe";NA;"at the pamphlet-shops of";"printed for S. Sloe, and sold at the pamphlet-shops of London and Westminster"
"470";"printed";"by";"London";NA;"";"printed and sold by the booksellers of London and Westminster"
"471";"printed";"by";"W. Richardson";NA;"";"printed by W. and J. Richardson, for T. Becket and P. A. De Hondt"
"472";"printed";"for";"Ralph Smith";"Bible under the Piazza of the Royal Exchange";"at the";"printed for Ralph Smith at the Bible under the Piazza of the Royal Exchange, Cornhill"
"473";"printed";"for";"W. Richardson";NA;"";"printed for W. Richardson; H. Gardner; and J. Walter"
"474";"printed";"for";"J. Senex";"Globe";"at the and W.";"printed for J. Senex, at the Globe in Salisbury-Court, and W. Taylor at the ship and Black-Swan in Pater-Noster-Row"
"475";"printed";"by";"John Marshall";"No. 4";"in";"printed and sold by John Marshall and Co. No. 4, Aldermary Church Yard, in Bow Lane"
"476";"printed";"for";"E. Curll";"Fleet-Street";"in";"printed for E. Curll, in Fleet-Street"
"477";"printed";"for";"Alexander Donaldson";"St. Paul's Church-Yard";"";"printed for Alexander Donaldson, St. Paul's Church-Yard, London"
"478";"printed";"for";"T. Becket";"Strand";"in the";"printed for T. Becket, in the Strand"
"479";"printed";"for";"T. Warner";"Black-Boy";"at the";"printed for T. Warner, at the Black-Boy in Pater-Noster-Row"
"480";"printed";"for";"Moore";NA;NA;"printed for A Moore"
"481";"printed";"for";"J. Knox";"Three Poets";"at the in the";"printed for the editor: and sold by J. Knox, at the Three Poets, in the Strand"
"482";"printed";"for";"J. Newbery";"London";"";"printed for J. Newbery; R. Baldwin, and S. Crowder, London; and B. Collins, in Salisbury"
"483";"printed";"for";"W. Lane";"Leadenhall-Street";"";"printed for W. Lane, Leadenhall-Street"
"484";"printed";"for";"J. Roberts";"Oxford-Arms";"near the";"printed for J. Roberts, near the Oxford-Arms in Warwick-Lane"
"485";"printed";"for";"J. Wright";NA;NA;"printed for J. Wright"
"486";"printed";"by";"Daniel Blow";NA;"";"printed by Daniel Blow, for Robert Johnston"
"487";"printed";"for";"T. Axtell";NA;"";"printed for the author, and sold by T. Axtell; G. Kearsley, and E. Macklew"
"488";"printed";"by";"Ann";"Pool--Lane";"";"printed by Ann & Egerton Smith, Pool--Lane . Sold by Thomas Hurst, Pater-Noster Row, London, & all the booksellers in Liverpool"
"489";"printed";"for";"J. Barker";"Drury Lane";"";"printed for the author; and sold by J. Barker, Russell Court, Drury Lane ; G. Kearsly, No. 46, Fleet Street ; and T. Axtell at the Royal Exchange"
"490";"printed";"for";"William";NA;"";"printed for William and Joseph Marshall"
"491";"printed";"for";"F. Wingrave";"Strand";"in the";"printed for F. Wingrave, successor to Mr. Nourse, in the Strand"
"492";"Printed";"in";NA;NA;"";"Printed in the year"
"493";"printed";"for";"B. Law";"Stationers' Court";"in";"printed for and sold by B. Law, in Stationers' Court; G. G. and J. Robinson, Pater-Noster Row; and the author, on Tower-Hill"
"494";"printed";"by";"J. Roberts";NA;"in";"printed: and sold by J. Roberts, in Warwick-Lane"
"495";"printed";"for";"Robert Baldwin";"Paternoster Row";"";"printed for Robert Baldwin, Paternoster Row"
"496";"Printed";"for";"T. Lowndes";"Fleet-street";"in";"Printed for T. Lowndes, in Fleet-street; T. Davies, in Russel-street, Covent-Garden; T. Becket and P.A. De Hondt, in the Strand; F. Newbery, at the Corner of Ludgate-street; and Mess. Carnan and Newbery, in St. Paul's Church Yard, London; W. Jackson, in Oxford; and A. Kincaid, and Company, in Edinburgh"
"497";"Printed";"in";NA;NA;"";"Printed in the year"
"498";"printed";"for";"J. Bew";"Pater-Noster-Row";"in";"printed for J. Bew, in Pater-Noster-Row"
"499";"printed";"for";"J. More";NA;"near";"printed for J. More near St. Paul's"
"500";"printed";"by";"David Gray";NA;"";"printed by David Gray, for A. Kincaid and J. Bell: G. Crawfurd, and A"
"501";"printed";"for";"C. Dilly";"Poultry";"in the";"printed for C. Dilly, in the Poultry; and J. Walter, Charing-Cross"
"502";"printed";"for";"W. Bristow";"St. Paul's Church-Yard";"in";"printed for W. Bristow, in St. Paul's Church-Yard; and C. Ethrington, York"
"503";"printed";"by";"W. Strahan";NA;"";"printed by W. Strahan and M. Woodfall, Law Printers to the King's Most Excellent Majesty : for G. Kearsley, No. 46. near Serjeant's Inn, Fleet-Street"
"504";"Printed";"for";"J. Cooke";"Shakespear's-head";"at no. 17.";"Printed for J. Cooke, at Shakespear's-head, No 17. Pater-noster Row"
"505";"printed";"for";"A. Leathly";NA;"";"printed for A. Leathly, G. Faulkner, J. Exshaw, T. Dyton, T. Ewing, W. Colles, J. Hoey, jun. W. Wilson, and F. Smith"
"506";"printed";"for";"Thomas Longman";"Ship";"at the";"printed for Thomas Longman, and Thomas Shewell, at the Ship in Pater-Noster Row"
"507";"printed";"in";NA;NA;"";"printed in the year"
"508";"printed";"for";"T. Longman";"Pater-Noster Row";"in";"printed for T. and T. Longman, in Pater-Noster Row"
"509";"printed";"for";"J. Dodsley";"Pall-Mall";"in";"printed for J. Dodsley, in Pall-Mall"
"510";"printed";"for";"J. Walter";NA;NA;"printed for J. Walter"
"511";"printed";"by";"John Reid";NA;NA;"printed and sold by John Reid"
"512";"printed";"for";"James Crokatt";"Prujean-Court";"in opposite";"printed for James Crokatt, in Prujean-Court, opposite Surgeon's-Hall in the Old-Baily"
"513";"printed";"for";"J. Dickenson";NA;"in";"printed for J. Dickenson, in Witch-Street"
"514";"printed";"for";"Richard Sare";"Grays-Inn-Gate";"at";"printed for Richard Sare, at Grays-Inn-Gate in Holbourn"
"515";"printed";"for";"William Lane";"Minerva-Press";"at the";"printed for William Lane, at the Minerva-Press, Leadenhall-Street"
"516";"printed";"for";"G. Kearsly";"St. Martin's Church";"opposite";"printed for G. Kearsly, opposite St. Martin's Church, Ludgate-Street; and W. Flexney, near Gray's-Inn Gate, Holborn"
"517";"printed";"for";"J. Moore";NA;"No. 45 ,";"printed for J. Moore, No. 45, College-Green"
"518";"printed";"by";"Majesty's Law-Printers";"Bell-Yard";"in";"printed by his Majesty's Law-Printers; for Edward Brooke, successor to Messrs. Worrall and Tovey, in Bell-Yard, Temple Bar"
"519";"printed";"by";"Richard";NA;"";"printed by the assigns of Richard and Edward Atkyns, Esquires; for John Hartley, over against Grays-Inn in Holborn"
"520";"printed";"for";"C. Cooke";"Bath";"";"printed for C. Cooke: and sold by the booksellers of Bath, Bristol, Birmingham, Canterbury, Cambridge, Coventry, Chester, Derby, Exeter, Gloucester, Hereford, Hull, Ipswich, Leeds, Liverpool, Leicester, Manchester, Newcastle, Norwich, Nottingham, Northampton, Oxford, Reading, Salisbury, Sherborn, Sheffield, Shrewsbury, Worcester, Winchester, York; and by all other booksellers in England, Scotland, and Ireland"
"521";"printed";"by";"Elizabeth Lynch Bookseller";"Skinner-Row";"in and in the";"printed by Elizabeth Lynch Bookseller, in Skinner-Row, and in the Four-Courts"
"522";"printed";"by";"Elizabeth Lynch";"in Ireland";"at her shops , No. 6 , and in the";"printed by Elizabeth Lynch, Law-Bookseller to his Majesty's Courts of Law in Ireland, at her shops, No. 6, Skinner-Row, and in the Four Courts"
"523";"printed";"for";"Thomas Speed";NA;NA;"printed for Thomas Speed"
"524";"printed";"by";"T. Bell";"Bell-Yard";"at (no. 26 , ) near";"printed, and sold by T. Bell, at (no. 26,) Bell-Yard, near Temple-Bar. And by all the bookseller's [sic] in Great-Britian and Ireland"
"525";"printed";"by";"His Majesty's Law-Printers";NA;"";"printed by His Majesty's Law-Printers, for H. Woodfall and W. Strahan, P. Uriel at the Inner Temple Gate, and T. Caslon near Stationers Hall"
"526";"printed";"for";"T. Longman";"Paternoster-Row";"in";"printed for T. and T. Longman, in Paternoster-Row"
"527";"printed";"by";"Alex. Chapman";NA;"";"printed by Alex. Chapman & Co. for James Watson, No 40. South Bridge"
"528";"printed";"for";"T. Warner";"Black-Boy";"at the";"printed for T. Warner, at the Black-Boy in Pater-Noster-Row"
"529";"printed";"for";"L. Hawes";"Pater-Noster Row";"in";"printed for L. Hawes, W. Clarke, and R. Collins, in Pater-Noster Row"
"530";"printed";"for";"W. Clarke";"Shakespear's Head";"at in behind the ; and sold by J. and G. in";"printed for W. Clarke, at Shakespear's Head, in Threadneedle-Street, behind the Royal-Exchange,; and sold by J. Mace, and G. Ferraby, in Hull; Mess. Stabler, Bell, and Barstow, in York; and P. Hodges, in Hereford"
"531";"printed";"for";"J. F.";NA;"";"printed for J. F. and C. Rivington, T. Caslon, T. Longman, G. Robinson, J. Wilkie, R. Baldwin, J. Johnson, J. Bew, and J. Walker"
"532";"printed";"by";"F. C.";"Leg and Star";"at the";"printed by F. C. and sold by P. Parker, at the Leg and Star in Cornhil"
"533";"printed";"for";"Thomas Speed";"Jonathan's Coffee-House";"in";"printed for Thomas Speed, over against Jonathan's Coffee-House in Exchange Alley, in Cornhill"
"534";"printed";"for";"P. Byrne";NA;"";"printed for Messrs. P. Byrne, W. Jones, H. Watts, and J. Rice"
"535";"printed";"by";"A. Strahan";NA;"";"printed by A. Strahan and W. Woodfall, Zaw-Printers to the King's most excellent Majesty; for Whieldon and Butterworth, in Fleet-Street"
"536";"printed";"for";"James Moore";NA;"(no. 45 , )";"printed for James Moore, (no. 45,) College-Green"
"537";"printed";"by";"J. Moore";NA;"No. 45 ,";"printed by J. Moore, No. 45, College-Green"
"538";"printed";"by";"W. Strahan";"Inner-Temple-Lane";"in the ; and T. in the";"printed by W. Strahan, and M. Woodfall, Law Printers to the King's Most Excellent Majesty, for P. Uriel, in the Inner-Temple-Lane,; and T. Cadell, in the Strand"
"539";"printed";"for";"J. Dodsley";"Pall-Mall";"in";"printed for J. Dodsley, in Pall-Mall"
"540";"Printed";"for";"T. Lowndes";NA;"";"Printed for T. and W. Lowndes; W. Nicoll; and S. Bladon"
"541";"printed";"by";"J. Morphew";"Stationers-Hall and";"near";"printed, and sold by J. Morphew, near Stationers-Hall and C. Crownfield in Cambridge"
"542";"printed";"by";"Alex. Adam";"Saltmarket";"";"printed by Alex. Adam, for A. Carrick, Bookseller, Saltmarket"
"543";"printed";"for";"J. Nutt";NA;"near";"printed for J. Nutt, near Stationers-Hall"
"544";"Printed";"by";"Edward Jones";NA;"in the";"Printed by Edward Jones in the Savoy"
"545";"printed";"by";"Ja. Robbins";"Stationers's-Court";"";"printed and sold by Ja. Robbins; sold also by Crosby and Letterman, Stationers's-Court, Ludgate-Hill, London"
"546";"Printed";"in";NA;NA;"";"Printed in the year"
"547";"printed";"by";"R. Mathard";"Fleetstreet";"near";"printed by R. Mathard, near Fleetstreet"
"548";"printed";"for";"E. Curll";NA;"";"printed for E. Curll, and sold by J. Roberts"
"549";"printed";"for";"G. Lister";NA;"in";"printed for G. Lister; and sold by all booksellers, news-carriers, &c. in Great Britain and Ireland"
"550";"printed";"for";"R. Griffiths";"Dunciad";"at the in";"printed for R. Griffiths, at the Dunciad, in Ludgate-Street"
"551";"printed";"by";"Peter Hoey";NA;"(no. 1.)";"printed by Peter Hoey, (no. 1.) Skinner-Row"
"552";"Printed";"for";"";NA;NA;"Printed for the author"
"553";"Printed";"by";"J. Gowan";"Spinning-wheel";"at the";"Printed by J. Gowan, at the Spinning-wheel in Back-lane"
"554";"printed";"by";"J. Roberts";NA;"in";"printed: and sold by J. Roberts, in Warwick-Lane"
"555";"printed";"for";"A. Strahan";"Strand";"in the";"printed for A. Strahan; and T. Cadell, in the Strand"
"556";"printed";"for";"John Morphew";NA;"near";"printed for John Morphew, near Stationer's-Hall"
"557";"printed";"for";"J. Millan";NA;NA;"printed for J. Millan"
"558";"printed";"by";"T. Plummer";"Seething-Lane";"";"printed by T. Plummer, Seething-Lane; and sold by Chapple, Pall Mall; and R. Dutton, Birchin-Lane, Cornhill"
"559";"printed";"for";"John Lawrence";"Angel";"at the";"printed for John Lawrence at the Angel in the Poultry"
"560";"printed";"for";"M. Cooper";"Globe";"at the";"printed for M. Cooper, at the Globe in Pater-Noster-Row"
"561";"printed";"for";"F. Noble";"Circulating Library";"at his";"printed for F. Noble, at his Circulating Library in King-Street, Covent-Garden; and J. Noble, at his Circulating Library in St. Martin's Court, near Leicester-Square"
"562";"printed";"for";"J. Wallis";NA;NA;"printed for the author. 1798. Sold by J. Wallis"
"563";"printed";"at";NA;"Leadenhall-Street";"";"printed at the Minerva-Press, for William Lane, Leadenhall-Street"
"564";"printed";"for";"W. Lewis";NA;NA;"printed for W. Lewis"
"565";"printed";"for";"P. Vaillant";NA;"";"printed for P. Vaillant, T. Lowndes, R. Baldwin, T. Caslon, W. Nicoll, J. Coote, S. Bladon, and the executors of R. Francklin"
"566";"printed";"for";"P. Vaillant";NA;"";"printed for P. Vaillant, T. Lowndes, R. Baldwin, T. Caslon, W. Nicoll, J. Coote, S. Bladon, and the executors of R. Francklin"
"567";"printed";"for";"P. Vaillant";NA;"";"printed for P. Vaillant, T. Lowndes, W. Nicoll, S. Bladon, T. Cadell, and G. Kearsley"
"568";"printed";"for";"P. Vaillant";NA;"";"printed for P. Vaillant, W. Johnston, T. Lowndes, R. Baldwin, T. Caslon, W. Nicoll, J. Coote, S. Bladon, and the executors of R. Francklin"
"569";"printed";"by";"W. Strahan";NA;"";"printed by W. Strahan, and M. Woodfall, His Majesty's Law Printers; for T. Caslon, in Stationers-Court, S. Crowder, at No. 12, G. Robinson, No. 25 and R. Baldwin, No. 47, Paternoster-Row"
"570";"printed";"for";"John Morphew";NA;"near";"printed for John Morphew near Stationer's-Hall"
"571";"printed";"for";"James Read";"White-Fryars";"in and R.";"printed for James Read in White-Fryars, and R. Burleigh in Amen-Corner"
"572";"printed";"for";"A. Millar";"Strand";"in the";"printed for A. Millar, in the Strand"
"573";"Printed";"for";"Vernor";"Finsbury-Place";"";"Printed for Vernor and Hood, Poultry, by H. Fry, Finsbury-Place, and sold by E. Newberry, St. Paul's Church-Yard"
"574";"printed";"by";"Zachariah Jackson";"Great George's-Street";"No. 26 ,";"printed by Zachariah Jackson, for W. Gilbert, No. 26, Great George's-Street"
"575";"printed";"for";"W. Strahan";NA;"";"printed for W. Strahan, and M. Woodfall, His Majesty's Law Printers for T. Caslon, in Stationers Court, S. Crowder, at No 12, and Robinson and Roberts N9 25 Paternoster-Row"
"576";"printed";"by";"John Nichols";NA;"";"printed by John Nichols; and sold by Peter Elmsly"
"577";"printed";"by";"J. Berry";NA;NA;"printed and sold by J. Berry"
"578";"printed";"for";"J. F.";NA;"";"printed for J. F. and C. Rivington, T. and W. Lowndes, R. Baldwin, T. Cadell, T. Carnan, and W. Woodfall"
"579";"printed";"for";"Daniel Farmer";"King's Arms";"at the";"printed for Daniel Farmer, at the King's Arms in St. Paul's Church-Yard"
"580";"printed";"for";"P. Vaillant";NA;"";"printed for P. Vaillant, W. Johnston, T. Lowndes, R. Baldwin, T. Caslon, W. Nicoll, J. Coote, S. Bladon, and the executors of R. Francklin"
"581";"printed";"for";"P. Vaillant";NA;"";"printed for P. Vaillant, J. Rivington, T. Cadell, W. Nicoll, and S. Bladon"
"582";"printed";"for";"A. Millar";"Strand";"in the";"printed for A. Millar, in the Strand"
"583";"printed";"for";"M. Cooper";"Globe";"at the";"printed for M. Cooper, at the Globe in Pater-Noster-Row"
"584";"printed";"by";"R. Hindmarsh";NA;"No. 32 ,";"printed by R. Hindmarsh, No. 32, Clerkenwell-Close"
"585";"sold";"by";"Great-Britain";NA;"";"Sold by the booksellers in Great-Britain, Ireland and America"
"586";"printed";"by";"J. Burkitt";"Bucklersbury";"";"printed and sold by J. Burkitt: sold also by T. Conder, Bucklersbury, T. Knott, Lombard Street, and J. Nunn, great Queen Street, London; Clachar, Chelmsford; and J. Morris, Billericay"
"587";"printed";"by";"W. Blanchard";NA;"";"printed by W. Blanchard and Co. for J. Stockdale, Piccadilly, London"
"588";"printed";"for";"H. Slater";NA;"in";"printed for the author, and sold by H. Slater, the Corner of Clare-Court, in Drury-Lane"
"589";"reprinted";NA;NA;NA;NA;"reprinted"
"590";"printed";"by";"R. Light-body";NA;NA;"printed by R. Light-body"
"591";"printed";"for";"M. Cooper";"Globe";"at the in";"printed for M. Cooper, at the Globe, in Pater noster Row"
"592";"Printed";"in";NA;NA;"";"Printed in the year"
"593";"printed";"by";"Samuel Richardson";"Globe";"at the in";"printed [by Samuel Richardson] for T. Cooper, at the Globe, in Pater-Noster Row"
"594";"printed";"by";"Richard";"Oxford-Arms";"at the";"printed by the assigns of Richard and Edward Atkins, Esquires, and are to be sold by Tho. Guy, at the Oxford-Arms in Lombardstreet"
"595";"printed";"by";"Tho. Norris";"Looking-Glass";"at the";"printed by and for Tho. Norris, at the Looking-Glass on London-Bridge"
"596";"printed";"by";"Henry Cock";NA;NA;"printed by Henry Cock"
"597";"printed";"for";"";NA;NA;"printed for the proprietors"
"598";"printed";"for";"Dunlop";NA;"";"printed for Dunlop & Wilson, Booksellers"
"599";"printed";"by";"Richard";NA;"";"printed and sold by Richard and Henry Causton (successors to the late Mr. Henry Kent)"
"600";"printed";"by";"H. Woodfall";NA;"";"printed by H. Woodfall and W. Strahan, Law-Printers to the King's Most Excellent Majesty; for T. Osborne, C. Hitch and L. Hawes, H. Woodfall, A. Millar, J. Beecroft, J. Hinton, W. Strahan, J. Rivington, R. Baldwin, W. Johnston, W. Owen, T. Caslon, S. Crowder, T. Longman, B. Law and Co. E. Dilly, C. Corbett, Z. Stuart, R. Ware, W. Nicholl, T. Payne, P. Uriel, A. Shuckburgh, and J. Hinxman"
"601";"Printed";"by";"Rich. Newcomb";NA;"in";"Printed by Rich. Newcomb, in Wine office-court"
"602";"printed";"by";"Felix Farley";NA;NA;"printed by Felix Farley"
"603";"Printed";"at";NA;"Bow-church yard";"in";"Printed and sold at the prin-office [sic] in Bow-church yard, London"
"604";"printed";"for";"E. Curll";"Fleetstreet";"in";"printed for E. Curll in Fleetstreet"
"605";"printed";"by";"J. Osborn";"Golden Ball";"at the";"printed, and sold by J. Osborn, at the Golden Ball in Pater Noster Row"
"606";"Printed";"by";"C. Smith";"Holborn";"in";"Printed by C. Smith in Holborn"
"607";"printed";"for";"A. Strahan";NA;"";"printed for the author, by A. Strahan and W. Woodfall; and sold by Whieldon and Butterworth"
"608";"printed";"by";"J. Paramore";"Foundery";"at the";"printed by J. Paramore, at the Foundery, Moorsields : and sold at the New Chapel, in the City-Road; and at the Rev. Mr. Wesley's preaching-houses in town and country"
"609";"printed";"for";"Jacob Tonson";"Shakespear's Head over-against Katharine-Street";"at";"printed for Jacob Tonson at Shakespear's Head over-against Katharine-Street in the strand"
"610";"printed";"by";"A. Strahan";"Fleet Street";"";"printed by A. Strahan and W. Woodfall, Law Printers to the King's most Excellent Majesty, for J. Butterworth, Fleet Street"
"611";"printed";"for";"Hawes";"Pater-Noster Row";"in";"printed for Hawes, Clarke and Collins, in Pater-Noster Row"
"612";"printed";"for";"T. Cadell";"Strand";"in the";"printed for T. Cadell, in the Strand"
"613";"printed";"for";"A. Strahan";NA;"";"printed for the author, by A. Strahan and W. Woodfall, Law Printers to the King's most Excellent Majesty; and sold by Thomas Whieldon, No. 43, Fleet-Street"
"614";"printed";"for";"A. Strahan";NA;"";"printed for the author; by A. Strahan and W. Woodfall; and sold by Thomas Whieldon"
"615";"printed";"for";"His Majesty's";"Fleet-Street";"No. 43 ,";"printed for the author, by His Majesty's law printers; and sold by Thomas Whieldon, No. 43, Fleet-Street"
"616";"printed";"for";"E. Cooke";NA;"at the";"printed for E. Cooke, at the Royal Exchange"
"617";"printed";"by";"J. Paramore";"Foundry";"at the";"printed by J. Paramore, at the Foundry, Moorfields : and sold at the New Chapel, in the City-Road; and at the Rev. Mr. Wesley's preaching-houses in town and country"
"618";"printed";"for";"J. F. Rosart";NA;"";"printed for J. F. Rosart and Comp"
"619";"printed";"by";"John Baptist Pasquali";NA;"";"printed by John Baptist Pasquali, MDCCLIII. With Permission & Privilege"
"620";"printed";"for";"J. Murray";"Fleet-Street";"";"printed for J. Murray, Fleet-Street,; and C. Elliott, Edinburgh"
"621";"printed";"for";"J. Johnson";"St. Paul's Church-Yard";"";"printed for J. Johnson, St. Paul's Church-Yard"
"622";"printed";"by";"J. Byrn";NA;"";"printed by J. and R. Byrn, 18, Sycamore-Alley, for Messrs. Sheppard, Colles, Burnet, W. and H. Whitestone, Walker, Stewart, Moncrieffe, Wogan, White, Exshaw, P. Byrne, Burton, N. Cross, Cash, Doyle, Mc. Kenzie, and Mrs. Chamberlaine"
"623";"printed";"by";"J. Williams";NA;NA;"printed by J. Williams"
"624";"printed";"for";"John Stockdale";"Burlington House";"opposite";"printed for John Stockdale, opposite Burlington House, Piccadilly"
"625";"printed";"for";"G. G. J.";"Pater-Noster-Row";"in";"printed for G. G. J. and J. Robinson, in Pater-Noster-Row"
"626";"Printed";"for";"Tho. Astley";"Rose";"at the";"Printed for Tho. Astley, at the Rose in St. Paul's Church-Yard"
"627";"printed";"for";"J. Pemberton";"Golden Buck against St. Dunstan's Church";"at the";"printed for J. Pemberton, at the Golden Buck against St. Dunstan's Church in Fleet-Street"
"628";"printed";"for";"E. Withers";"Seven Stars";"at the near the in";"printed for E. Withers, at the Seven Stars, near the Temple-Gate, in Fleet-Street: G. Woodfall, the Corner of Craig's-Court, Charing-Cross; and sold by R. Griffiths, at the Dunciad, in St. Paul's-Church-Yard"
"629";"printed";"for";"G. G. J.";NA;"";"printed for G. G. J. and J. Robinson"
"630";"printed";"for";"M. Thrush";"King's-Arms";"at the in";"printed for M. Thrush, at the King's-Arms, in Salisbury-Court, Fleet-Street"
"631";"printed";"for";"J. Scott";NA;"";"printed for J. Scott; and M. Thrush"
"632";"printed";"for";"R. Dodsley";"Pall-Mall";"in";"printed for R. and J. Dodsley, in Pall-Mall"
"633";"printed";"by";"J. Bradford";NA;NA;"printed by J. Bradford"
"634";"sold";"at";NA;NA;"";"sold at the Foundery, Upper Moorfields; and at Mrs. Englefield's, at the Bible, in West-Sreet near the Seven Dials"
"635";"printed";"for";"T. Jefferys";"Corner of St. Martin's-Lane";"at the";"printed for T. Jefferys, Geographer to his Royal Highness the Prince of Wales, at the Corner of St. Martin's-Lane, Charing-Cross"
"636";"printed";"for";"T. Cadell";"Strand";"in the";"printed for T. Cadell, in the Strand; and G. Robinson, in Pater-Noster Row"
"637";"printed";"for";"D. Wilson";"Plato's Head";"at in the";"printed for D. Wilson, at Plato's Head, in the Strand"
"638";"printed";"for";"G. Kearsley";"Fleet-Street";"No. 46 ,";"printed for G. Kearsley, No. 46, Fleet-Street"
"639";"printed";"for";"C. Hitch";"Pater-Noster-Row";"in";"printed for C. Hitch and L. Hawes, in Pater-Noster-Row"
"640";"printed";"by";"Fletcher";"Oxford-Theatre";"at the the";"printed and sold by Fletcher and Co., Booksellers, at the Oxford-Theatre, the North-Side of St. Paul's Church-Yard"
"641";"printed";"for";"J. Hinton";"King's-Arms";"at the and at";"printed for J. Hinton, at the King's-Arms in Pater-Noster Row, and Henry Whitfeld, at Plymouth"
"642";"printed";"for";"J. Hinton";"King's-Arms";"at the and in";"printed for J. Hinton, at the King's-Arms in Newgates Street, and Henry Whitfeld, in Plymouth"
"643";"printed";"for";"R. Dodsley";"Pall-Mall";"in";"printed for R. and J. Dodsley, in Pall-Mall"
"644";"printed";"by";"William Pine";NA;NA;"printed by William Pine"
"645";"printed";"for";"R. Dodsley";"Pall-Mail and";"in";"printed for R. Dodsley, in Pall-Mail and sold by M. Cooper, in Pater-Noster-Row"
"646";"printed";"for";"J. Johnson";"St. Paul's Church Yard";"";"printed for J. Johnson, St. Paul's Church Yard"
"647";"printed";"for";"J. Dodsley";"Pall-Mall";"in";"printed for J. Dodsley, in Pall-Mall"
"648";"printed";"for";"J. Bew";"Pater-Noster-Row";"in";"printed for J. Bew, in Pater-Noster-Row"
"649";"sold";"by";"J. Rivington";"Saint Paul's Church-Yard";"in and other booksellers";"sold by J. and F. Rivington, in Saint Paul's Church-Yard, and other booksellers"
"650";"printed";"for";"William Carter";"Rose and Crown";"at the";"printed for William Carter, at the Rose and Crown in St. Paul's-Churchyard"
"651";"printed";"for";"C. Dilly";NA;NA;"printed for C. Dilly"
"652";"printed";"for";"James Williams";"Skinner-Row";"at No. 5. in and at the";"printed for James Williams, at No. 5. in Skinner-Row, and David Hay, at the King's-Arms in Parliament-Street"
"653";"printed";"for";"T. Thornton";"Southampton-Street";"in the";"printed for T. Thornton, Southampton-Street, in the Strand"
"654";"printed";"by";"William Pine";"London";"in";"printed by William Pine, and to be had of any of the booksellers; and of Messrs. Dillys, in London"
"655";"printed";"for";"J. Roberts";NA;"in";"printed for J. Roberts, in Warwick-Lane"
"656";"printed";"for";"T. Chapman";NA;"";"printed for the author, and sold by T. Chapman fleet street,, and Mudie and Sons, Edinburgh"
"657";"printed";"for";"James Buckland";NA;"";"printed for James Buckland; E. and C. Dilly; and J. Towers"
"658";"printed";"for";"J. Noon";"White Hart";"at the";"printed for J. Noon, at the White Hart in Chcap-Side ; R. King, at the Bible and Crown in Fore-Street; J. Waugh, at the Turk's Head in Grace-Church-Street; and M. Cooper, at the Globe in Pater-Noster-Row"
"659";"printed";"for";"J. Johnson";"St. Paul's Church-Yard";"";"printed for J. Johnson, St. Paul's Church-Yard"
"660";"printed";"for";"J. Davies";NA;"";"printed for J. Davies; T. Smith; N. Taylor; and W. Thompson"
"661";"printed";"for";"J. Debrett";"Piccadilly";"";"printed for J. Debrett, Piccadilly, and T. N. Longman, Pater-Noster-Row"
"662";"printed";"at";NA;"Rev. Mr. Wesley's preaching-houses";"at the";"printed and sold at the New Chapel, City-Road, and at the Rev. Mr. Wesley's preaching-houses in town and country"
"663";"printed";"for";"S. Crowder";"Pater-Noster-Row";"in";"printed for S. Crowder, in Pater-Noster-Row"
"664";"printed";"for";"J. Towers";"Fore-Street";"at no. 111 , in near";"printed for J. Towers, at No 111, in Fore-Street, near Cripplegate"
"665";"printed";"at";NA;"Old Bond-Street";"No. 169 , Opposite in";"printed at the Logographic Press, and sold by J. Walter, No. 169, Opposite Old Bond-Street, in Piccadilly; W. Richardson, at the Royal Exchange,; and all other booksellers"
"666";"printed";"for";"John Shuckburgh";"Sun";"at the next the";"printed for John Shuckburgh, at the Sun, next the Inner-Temple-Gate, Fleet-Street"
"667";"printed";"for";"T. Osborne";NA;"in";"printed for T. Osborne, in Gray's Inn"
"668";"printed";"for";"T. Osborne";NA;"in";"printed for T. Osborne, in Gray's Inn"
"669";"printed";"for";"T. Osborne";NA;NA;"printed for T. Osborne"
"670";"printed";"by";"William Pine";NA;NA;"printed by William Pine"
"671";"printed";"for";"J. Roberts";NA;NA;"printed for J. Roberts"
"672";"printed";"for";"Cadell";"Strand";"";"printed for Cadell and Davies, Strand; Edwards, Pall Mall; Faulder, Bond Street; and Hatchard, Piccadilly"
"673";"printed";"by";"J. Nichols";NA;NA;"printed by J. Nichols"
"674";"printed";"by";"Samuel Baker";"Angel and Crown";"at the";"printed, and sold by Samuel Baker, Bookseller, at the Angel and Crown in Russel-Street near Covent-Garden"
"675";"sold";"by";"London";NA;"";"Sold by the booksellers of London and Westmenster [sic]"
"676";"printed";"for";"F. Newbery";"St. Paul's Church Yard";"No. 20 , the corner of";"printed for F. Newbery, No. 20, the corner of St. Paul's Church Yard"
"677";"printed";"by";"Felix Farley";"School-Room";"at the";"printed by Felix Farley; and sold at the School-Room in the Horse-Fair: also by T. Trye, near Gray's-Inn Gate, Holborn; and at the Foundry near Upper-Moor-Fields, London"
"678";"printed";"for";"J. Newbery";"Bible and Sun";"at the";"printed for J. Newbery, at the Bible and Sun in St. Paul's Church-Yard"
"679";"printed";"by";"T. Maiden";NA;"";"printed by T. Maiden, for Ann Lemoine, and sold by T. Hurst"
"680";"printed";"by";"W. H";NA;NA;"printed by W. H"
"681";"Printed";"in";NA;NA;"";"Printed in the year"
"682";"Printed";"for";"John";NA;"";"Printed for John and William Shaw, Booksellers and Stationers there"
"683";"printed";"by";"David Niven";NA;"";"printed by David Niven; for James Duncan"
"684";"printed";"in";NA;NA;"";"printed in the year"
"685";"printed";"by";"David Niven";"Trongate";"";"printed by David Niven; for James Duncan, Bookseller, Trongate"
"686";"printed";"for";"John Brindley";"King's Arms";"at the";"printed for John Brindley, Bookbinder to the Majesty, at the King's Arms in New-Bond-Street"
"687";"printed";"by";"J. Nichols";NA;"";"printed by J. Nichols, for the author"
"688";"printed";"by";"W. Strahan";NA;NA;"printed by W. Strahan"
"689";"printed";"for";"T. Cadell";"Strand";"in the";"printed for T. Cadell, in the Strand; Richardson and Urquhart, under the Royal Exchange; and T. Wilson, at York"
"690";"printed";"for";"J. Johnson";"St. Paul's Church Yard";"";"printed for J. Johnson, St. Paul's Church Yard, and J. Murray, Fleet Street"
"691";"printed";"for";"R. Dodsley";"Pall-Mall";"in";"printed for R. and J. Dodsley; in Pall-Mall; and sold by G. Hawkins, in Fleet-Street, and M. Cooper, in Pater-Noster-Row"
"692";"printed";"for";"T. Becket";"Strand";"in the";"printed for T. Becket and P. A. De Hondt, in the Strand"
"693";"printed";"for";"Mr. Swan";"World";"at the office of the paper of the No. 335 , opposite to";"printed for Mr. Swan; and sold at the office of the paper of the World, No. 335, opposite to Somerset-House, Strand"
"694";"Printed";"by";"John Mott";"Nagg's Head-Court";"No. 1 ,";"Printed and sold by John Mott, Stationer and Bookseller, No. 1, Nagg's Head-Court, Grace-Church-Street, London"
"695";"printed";"for";"C. Dilly";"Poultry";"in the";"printed for C. Dilly, in the Poultry; T. Lewis, Great Russel-Street, Covent-Garden; and J. Faulder, in Bond-Street"
"696";"printed";"for";"T. Becket";"Pall-Mall";"";"printed for T. Becket, Pall-Mall, Bookseller to his Royal Highness the Princess of Wales"
"697";"printed";"for";"T. Beckett";"Pall-Mall";"";"printed for T. Beckett, Bookseller to his Royal Highness the Prince of Wales, Pall-Mall"
"698";"printed";"for";"T. Beckett";"Pall-Mall";"";"printed for T. Beckett, Bookseller to his Royal Highness the Prince of Wales, Pall-Mall"
"699";"Printed";"for";"London";NA;"";"Printed for the booksellers of London and Westminster"
"700";"Printed";"by";"C. Lowndes";"Drury-Lane";"No. 66 , next the stage-door , and sold in the";"Printed by C. Lowndes, No. 66, Drury-Lane, next the stage-door, and sold in the Theatre"
"701";"printed";"for";"J. Johnson";"St. Paul's Church-Yard";"";"printed for and sold by J. Johnson, St. Paul's Church-Yard"
"702";"printed";"for";"London";NA;"";"printed for the author, and sold in London by T. Boosey, Old Broad Street; J. Lee, New Street, Covent Garden; J. Binns, Leeds; J. Hurst, Wakefield; Mudie and Son, Edinburgh; N. Rollason, Coventry; and W. Bristow, Canterbury"
"703";"printed";"in";NA;NA;"";"printed in the year"
"704";"printed";"for";"T. Cooper";"Globe";"at the";"printed for T. Cooper, at the Globe in Pater-Noster-Row"
"705";"Printed";"in";NA;NA;"in";"Printed in the year 1703, and are to sold by Mr. Henry Knox, bookseller in Edinburgh"
"706";"printed";"by";"W. Wilkins";"Dolphin";"at the";"printed by W. Wilkins, at the Dolphin in Little-Britain"
"707";"printed";"for";"J. Johnson";NA;NA;"printed for J. Johnson"
"708";"printed";"for";"T. Becket";"London";"";"printed for T. Becket, and P. A. De Hondt, London; and J. Balfour, Edinburgh"
"709";"printed";"by";"S. Powell";"Essex-Street";"in opposite to the";"printed by S. Powell, for George Faulkner, in Essex-Street, opposite to the Bridge"
"710";"printed";"for";"T. Warner";"Black-Boy";"at the";"printed for T. Warner, at the Black-Boy in Pater-Noster-Row"
"711";"printed";"for";"John Stockdale";"Burlington-House";"opposite";"printed for John Stockdale, opposite Burlington-House, Piccadilly"
"712";"printed";"by";"G. Ireland";"Pater-Noster-Row";"in and T. in the";"printed by G. Ireland, for G. Robinson, in Pater-Noster-Row, and T. Cadell, in the Strand, London"
"713";"printed";"for";"";NA;NA;"printed for the author"
"714";"printed";"for";"J. Cooke";NA;NA;"printed for J. Cooke"
"715";"printed";"for";"Paul Vaillant";"Strand";"in the";"printed for Paul Vaillant, in the Strand"
"716";"printed";"for";"D. Browne";"Temple-Bar";"without";"printed for D. Browne, without Temple-Bar A. Millar, in the Strand J. Whiston and B. White, in Fleet-Street R. and J. Dodsley, in Pall-Mall and W. Sandby, in Fleet-Street"
"717";"printed";"for";"E. Curll";NA;NA;"For E. Curll"
"718";"Printed";"at";NA;"Bow-Church-Yard";"in";"Printed and sold at the printing-office in Bow-Church-Yard, London"
"719";"printed";"in";NA;NA;"";"printed in the year"
"720";"printed";"for";"J. H. Hubbard";NA;"in the";"printed for J. H. Hubbard, in the Old-Bailey"
"721";"printed";"for";"T. Cooper";NA;NA;"printed for T. Cooper"
"722";"printed";"for";"A. Moore";NA;"";"printed for A. Moore, and sold by the booksellers of London and Westminster"
"723";"printed";"for";"T. Becket";"Strand";"in the";"printed for T. Becket and P. A. Dehondt, in the Strand"
"724";"printed";"by";"R. Marchbank";"New Buildings";"no. 11 ,";"printed and sold by R. Marchbank, No 11, New Buildings, Dame-Street"
"725";"printed";"for";"John Stockdale";"Burlington-House";"opposite";"printed for John Stockdale, opposite Burlington-House, Piccadilly"
"726";"printed";"for";"D. I. Eaton";NA;NA;"printed for D. I. Eaton"
"727";"printed";"by";"Moncrieffe";NA;"";"printed by Messrs. Moncrieffe, Jenkin, White, Burnet, Burton, Byrne, H. Whitestone, Heery and Davis"
"728";"Printed";"for";"Thomas Astley";"Rose";"at the";"Printed for Thomas Astley, at the Rose in St. Paul's Church-Yard"
"729";"printed";"by";"T. Maiden";"Sherbourn-Lane";"No. 31 ,";"printed by T. Maiden, Sherbourn-Lane, for Vernor and Hood, No. 31, Poultry"
"730";"printed";"for";"T. Becket";"Strand";"in the";"printed for T. Becket and P. A. De Hondt, in the Strand"
"731";"printed";"by";"Wilson";NA;"";"printed by Wilson, Spence, and Mawman; sold by G. G. J. and J. Robinson, T. Cadell, B. White, J. Robson, and J. Murray, London; and by all the booksellers in York"
"732";"printed";"for";"T. Cadell";"Strand";"in the";"printed for T. Cadell, in the Strand"
"733";"printed";"by";"J. March";"Fleet-Street";"No. 166 ,";"printed and sold by J. March; and may bb [sic] had of J. S. Jordan, No. 166, Fleet-Street, London"
"734";"printed";"in";NA;NA;"";"printed in the year"
"735";"printed";"for";"D. I. Eaton";NA;"NO. 74 ,";"printed for D. I. Eaton, NO. 74, Newgate Street"
"736";"Printed";"for";"William Creech";NA;NA;"Printed for, and sold by William Creech"
"737";"printed";"for";"W. Wilson";NA;NA;"printed for W. Wilson"
"738";"printed";"for";"J. Dickson";NA;"";"printed for J. Dickson, and E. Balfour; and T. Cadell, London"
"739";"printed";"for";"R. Baldwin";"Pater-Noster-Row";"";"printed for R. Baldwin, and T. Longman, Pater-Noster-Row; and J. Debret, Piccadilly"
"740";"printed";"for";"C. Dilly";NA;NA;"printed for C. Dilly"
"741";"Printed";"by";"W. Mackintosh";"Temple Bar";"";"Printed by W. Mackintosh, and sold by J. Downes, No.240, Temple Bar"
"742";"printed";"for";"J. Murray";"Fleet-Street and";"at No. 32 , in";"printed for J. Murray; at No. 32, in Fleet-Street and G. Robinson, at No. 25, in Paternoster-Row"
"743";"printed";"by";"Adam Neill";NA;"";"printed by Adam Neill and Company"
"744";"Printed";"for";"Richardson";NA;"";"Printed for Richardson and Urquhart, under the Royal Exchange"
"745";"printed";"by";"Dicey's";NA;"";"printed by Dicey's or Marshall's"
"746";"printed";"for";"James Mathews";NA;NA;"printed for James Mathews"
"747";"printed";"for";"C. Hitch";"Red-Lion";"at the";"printed for C. Hitch and L. Hawes, at the Red-Lion, Pater-Noster-Row"
"748";"printed";"by";"Benj. Barker";NA;NA;"printed and sold by Benj. Barker"
"749";"printed";"by";"A. Ward";NA;"";"printed by A. Ward, for C. Etherington"
"750";"printed";"for";"J. Nourse";NA;"";"printed for J. Nourse, Bookseller in Ordinary to his Majesty"
"751";"printed";"for";"R. Goadby";NA;"";"printed for R. Goadby; and sold by J. Towers; and by R. Baldwin"
"752";"printed";"for";"W. Owen";NA;NA;"printed for the translator, and sold by W. Owen"
"753";"printed";"by";"William Colles";"Dame-Street";"in";"printed by William Colles, in Dame-Street"
"754";"printed";"for";"T. Bickerton";"Crown";"at the";"printed for T. Bickerton; at the Crown in Pater-Noster-Row and J. Wilford, at the Three Flower de-Luces in Little Britain"
"755";"Printed";"by";"P. Byrne";NA;"No. 108 ,";"Printed by P. Byrne, No. 108, Grafton-Street"
"756";"printed";"by";"G. Paramore";"North-Green";"";"printed by G. Paramore; North-Green, Worship-Street; and sold by G. Whitfield; at the Chapel, City-Road and at the Methodist preaching-houses, in town and country"
"757";"printed";"by";"John Marshall";"Aldermary Church Yard";"No. 4 ,";"printed and sold by John Marshall, No. 4, Aldermary Church Yard, Bow-Lane, Cheapside"
"758";"printed";"for";"John Wyat";NA;NA;"printed for John Wyat"
"759";"printed";"for";"W. Nicoll";"St. Paul's Church-Yard";"No. 51 ,";"printed for W. Nicoll, No. 51, St. Paul's Church-Yard"
"760";"printed";"by";"M. Cooper";"Pater-Noster Row";"in";"printed, and sold by M. Cooper, in Pater-Noster Row"
"761";"printed";"by";"John Marshall";"Aldermary Church-Yard";"at No. 4 , and No. 17 ,";"printed by John Marshall, at No. 4, Aldermary Church-Yard, Bow-Lane, and No. 17, Queen-Street, Cheapside"
"762";"printed";"for";"F. Noble";"Circulating-Library";"at his";"printed for F. Noble; at his Circulating-Library in King-Street, Covent-Garden; and J. Noble, at his Circulating-Library in St. Martin's-Court, near Leicester-Square"
"763";"printed";"for";"T. Becket";"Strand";"in the";"printed for T. Becket, the Corner of the Adelphi, in the Strand"
"764";"printed";"for";"J. Milliken";NA;"";"printed for J. Milliken, and J. Rice"
"765";"printed";"for";"P. Wogan";NA;"";"printed for P. Wogan, H. Colbert, W. Porter, J. Moore, and N. Kelly"
"766";"printed";"for";"H. D. Symonds";"Paternoster Row";"No. 20 ,";"printed for H. D. Symonds, No. 20, Paternoster Row"
"767";"printed";"by";"J. Almon";"Burlington-House";"opposite";"Printed, and sold by J. Almon, opposite Burlington-House, Piccadilly"
"768";"printed";"by";"A. Dodd";"Temple-Bar";"without";"printed, and sold by A. Dodd without Temple-Bar; E. Nutt and A. Smith; at the Royal-Exchange and by the booksellers of London and Westminster"
"769";"printed";"for";"J. Johnson";NA;NA;"printed for J. Johnson"
"770";"printed";"by";"D. Akenhead";NA;NA;"printed by D. Akenhead"
"771";"printed";"for";"J. Johnson";NA;NA;"printed for J. Johnson"
"772";"printed";"by";"W. Bonny";NA;NA;"printed by W. Bonny"
"773";"printed";"by";"Pearson";NA;"";"printed by Pearson and Rollason"
"774";"Printed";"by";"T. Dicey";NA;"";"Printed by T. Dicey and Co"
"775";"printed";"by";"Andrew Anderson";NA;NA;"printed by the heirs and successors of Andrew Anderson"
"776";"printed";"by";"George Grierson";NA;NA;"printed by George Grierson"
"777";"printed";"for";"John Millan";NA;NA;"pPrinted for John Millan"
"778";"printed";"by";"J. How";NA;NA;"printed, and sold by J. How"
"779";"printed";"for";"J. Moxon";NA;"";"printed for and sold by J. Moxon, and John Young"
"780";"printed";"by";"David Paterson";NA;"at his printing-office , lawn-market ; and by the booksellers";"printed by David Paterson, and sold by him at his printing-office, lawn-market; and by the booksellers"
"781";"printed";"for";"J. Roberts";NA;"";"printed for, and sold by J. Roberts; and by the booksellers of London and Westminster"
"782";"printed";"by";"Mark Baskett";NA;"";"printed by Mark Baskett, printer to the King's most Excellent Majesty; and by the assigns of Robert Baskett"
"783";"printed";"for";"Tho. Norris";NA;NA;"printed for Tho. Norris"
"784";"printed";"for";"J. Johnson";NA;NA;"printed for J. Johnson"
"785";"printed";"by";"Thomas Beats";NA;"";"by Thomas Beats, bookseller"
"786";"Printed";"for";"R. Freeman";NA;"near";"Printed for R. Freeman, near St. Paul's"
"787";"printed";"for";"R. Sammer";NA;NA;"printed for R. Sammer"
"788";"sold";"by";"J. Williams";NA;"in town and country";"sold by J. Williams, and all the booksellers in town and country"
"789";"printed";"for";"Thomas Ewing";NA;"";"printed for Thomas Ewing, and William Smith"
"790";"Printed";"by";"J. Evans";"Long-lane";"";"Printed by J. Evans, Long-lane, West-smithfield, London"
"791";"printed";"for";"J. Bew";NA;NA;"printed for J. Bew"
"792";"sold";"at";NA;"Cornhill";"in";"Sold at the Bible and Heart, in Cornhill"
"793";"reprinted";"at";NA;NA;"";"re-printed at the Old Post Office in Fish shamble street"
"794";"printed";"for";"J. Cooke";"Bath";"in";"printed for J. Cooke; and sold by the booksellers of Bath, Br[istol,] Birmingham, Canterbury, Cambridge, [and 9 other towns in England] and by all ot[her bo]oksellers in Great-Britain"
