gatherings	width	height	dimensions.original	count
4to	28	22	4⁰.	15520
8vo	19	13	8⁰.	11353
2fo	45	30	2⁰.	5583
2fo	45	30	1/2⁰.	5091
1to	90	60	1⁰.	3560
12mo	19	12.5	12⁰.	2969
NA	NA	NA	NA	1132
NA	NA	NA	?⁰.	1005
2fo	90	60	1⁰.	515
4to	28	22	1/4⁰.	404
4to	28	22	4⁰	189
2fo	45	30	2⁰	147
4to	20	17	20 cm. (4⁰)	110
2fo	90	60	obl. 1⁰.	99
8vo	19	13	8⁰	76
16mo	15	12	16⁰.	67
8vo	19	13	1/8⁰.	65
2fo	45	30	1/2⁰	55
2fo	45	30	obl. 1/2⁰.	51
2fo	45	30	1/fol.	47
24mo	12.5	8.5	24⁰.	45
12mo	19	12.5	12⁰	43
8vo	21	14	21 cm (8⁰)	43
4to	21	17	21 cm. (4⁰)	42
NA	34	21	34 x 21 cm.	35
18mo	16	10	18⁰.	33
4to	28	22	obl. 1/4⁰.	32
8vo	22	15	8⁰ (22 cm.).	32
1to	90	60	obl. 1⁰.	30
2fo	48	31	48 cm (2⁰)	24
4to	19	16	19 cm. (4⁰)	24
NA	19	13	19 cm.	23
2fo	45	30	2⁰(2).	21
2fo	45	30	fol.	18
NA	18	12	18 cm.	18
NA	36	22	36 x 22 cm.	17
2fo	45	29	45 cm (2⁰)	17
8vo	22	15	22 cm (8⁰)	17
2fo	43	28	43 cm (2⁰)	17
4to	20	17	20 cm (4⁰)	16
8vo	20	13	20 cm (8⁰)	16
4to	22	18	22 cm. (4⁰)	16
NA	35	21	35 x 21 cm.	15
NA	35	22	35 x 22 cm.	15
NA	33	21	33 x 21 cm.	15
4to	28	22	4.	15
NA	21	14	21 cm.	14
4to	28	22	obl.4⁰.	14
2fo	44	29	44 cm (2⁰)	14
NA	16	11	16 cm.	13
NA	31	20	31 x 20 cm.	13
NA	34	22	34 x 22 cm.	13
1to	90	60	1⁰	13
2fo	42	27	42 cm (2⁰)	13
8vo	21	14	21 cm. (8⁰)	13
16mo	15	12	1/16⁰.	12
8vo	21	14	8⁰ (21 cm.).	12
4to	24	19	24 cm. (4⁰)	11
NA	32	20	32 x 20 cm.	11
NA	20	13	20 cm.	11
2fo	50	32	50 cm (2⁰)	11
2fo	46	30	46 cm (2⁰)	11
NA	17	12	17 cm.	10
NA	33	20	33 x 20 cm.	10
2fo	31	20	31 cm (2⁰)	10
2fo	40	26	40 cm (2⁰)	10
2fo	35	23	35 cm (2⁰)	10
2fo	31	20	31 cm (1/2⁰)	10
NA	22	15	22 cm.	9
2fo	45	30	obl.1/2⁰.	9
2fo	33	22	33 cm (2⁰)	9
2fo	45	30	2⁰(3).	9
2fo	32	21	32 cm (2⁰)	9
2fo	39	26	39 cm (2⁰)	9
2fo	32	21	32 cm (1/2⁰)	9
2fo	29	19	29 cm. (2⁰)	9
NA	23	18	23 cm.	8
NA	36	23	36 x 23 cm.	8
4to	18	16	18 cm (4⁰)	8
2fo	30	20	30 cm (1/2⁰)	8
2fo	49	31	49 cm (2⁰)	8
2fo	34	22	34 cm (1/2⁰)	8
12mo	19	12.5	1/12⁰.	7
NA	42	26	42 x 26 cm.	7
NA	39	26	39 x 26 cm.	7
NA	22	18	22 x 18 cm.	7
4to	19	16	19 cm (4⁰)	7
4to	27	21	27 cm (4⁰)	7
2fo	41	27	41 cm (2⁰)	7
4to	23	18	23 cm. (4⁰)	7
2fo	35	23	35 cm. (2⁰)	7
2fo	29	19	2⁰ (29 cm.).	7
8vo	19	13	obl. 1/8⁰.	6
2fo	45	30	1/2⁰; 2⁰.	6
2fo	50	32	50 cm. (2⁰)	6
NA	26	19	26 x 19 cm.	6
NA	34	20	34 x 20 cm.	6
NA	32	21	32 cm.	6
NA	32	19	32 x 19 cm.	6
NA	33	22	33 x 22 cm.	6
NA	32	21	32 x 21 cm.	6
NA	40	25	40 x 25 cm.	6
NA	26	20	26 x 20 cm.	6
8vo	19	13	8.	6
12long	20	13	long 12⁰	6
2fo	38	25	38 cm (2⁰)	6
2fo	34	22	34 cm (2⁰)	6
4to	29	23	29 cm (4⁰)	6
2fo	47	30	47 cm (2⁰)	6
4to	25	19	25 cm (4⁰)	6
2fo	32	21	32 cm. (2⁰)	6
8vo	20	13	20 cm. (8⁰)	6
2fo	31	20	31 cm. (2⁰)	6
2fo	30	20	30 cm. (2⁰)	6
NA	31	19	31 x 19 cm.	5
NA	40	26	40 x 26 cm.	5
NA	34	22	34 cm.	5
NA	39	25	39 x 25 cm.	5
NA	38	25	38 x 25 cm.	5
NA	34	19	34 x 19 cm.	5
NA	43	27	43 x 27 cm.	5
32mo	12	7	32⁰.	5
NA	30	19	30 x 19 cm.	5
NA	38	26	38 x 26 cm.	5
NA	39	32	39 x 32 cm.	5
2fo	90	60	obl.1⁰.	5
2fo	90	60	1⁰	5
2fo	29	19	29 cm (2⁰)	5
4to	22	18	22 cm (4⁰)	5
4to	28	22	28 cm (4⁰)	5
8vo	23	15	23 cm (8⁰)	5
8vo	18	12	18 cm (8⁰)	5
2fo	33	22	1/2⁰ (33 cm.).	5
NA	15	12	15 cm.	4
NA	38	27	38 x 27 cm.	4
NA	44	35	44 x 35 cm.	4
NA	43	26	43 x 26 cm.	4
NA	38	24	38 x 24 cm.	4
NA	31	22	31 x 22 cm.	4
NA	35	23	35 x 23 cm.	4
NA	35	23	35 cm.	4
NA	21	17	21 x 17 cm.	4
NA	30	20	30 x 20 cm.	4
NA	36	21	36 x 21 cm.	4
NA	27	22	27 x 22 cm.	4
NA	20	17	20 x 17 cm.	4
NA	23	18	23 x 18 cm.	4
4to	28	22	obl.1/4⁰.	4
8vo	16	11	16 cm (8⁰)	4
4to	28	22	quarto [fewer than 50 pages]	4
2fo	45	30	2.	4
12long	20	13	long 12⁰.	4
8vo	19	13	19 cm (8⁰)	4
2long	53	30	sm. 2⁰.	4
8vo	22	15	22 cm. (8⁰)	4
2fo	51	32	51 cm (2⁰)	4
2fo	36	24	36 cm (1/2⁰)	4
2fo	37	25	37 cm (2⁰)	4
2fo	40	26	40 cm. (2⁰)	4
4to	25	19	25 cm. (4⁰)	4
4to	20	17	4⁰ (20 cm.).	4
4to	21	17	4⁰ (21 cm.).	4
2fo	30	20	2⁰ (30 cm.).	4
2fo	29	19	1/2⁰ (29 cm.).	4
2fo	45	30	(2⁰)	3
NA	41	33	41 x 33 cm.	3
NA	41	31	41 x 31 cm.	3
NA	44	27	44 x 27 cm.	3
NA	29	22	29 x 22 cm.	3
NA	39	24	39 x 24 cm.	3
NA	51	39	51 x 39 cm.	3
NA	37	25	37 x 25 cm.	3
1to	90	60	Broadside.	3
NA	30	20	30 cm.	3
NA	35	20	35 x 20 cm.	3
NA	30	22	30 x 22 cm.	3
8vo	19	13	obl. 8⁰.	3
NA	31	21	31 cm.	3
4to	28	22	4⁰ .	3
NA	45	29	45 cm.	3
NA	38	30	38 x 30 cm.	3
NA	27	21	27 x 21 cm.	3
NA	19	13	19 x 13 cm.	3
NA	33	22	33 cm.	3
NA	20	17	17 x 20 cm.	3
NA	44	28	44 x 28 cm.	3
NA	37	24	37 x 24 cm.	3
NA	34	22	22 x 34 cm.	3
8vo	19	13	8⁰ in 4's.	3
4to	23	18	23 cm (4⁰)	3
2fo	36	24	36 cm (2⁰)	3
2fo	90	60	broadsheet	3
2fo	45	30	1/2.	3
4to	26	20	26 cm (4⁰)	3
4to	33	26	33 cm (4⁰)	3
8vo	24	15	24 cm (8⁰)	3
2fo	36	24	36 cm. (1/2⁰)	3
2fo	30	20	30 cm (2⁰)	3
2fo	33	22	33 cm (1/2⁰)	3
4to	21	17	21 cm (4⁰)	3
8vo	19	13	20-21 cm. (8⁰)	3
2fo	49	31	49 cm. (2⁰)	3
2fo	46	30	46 cm. (2⁰)	3
2fo	48	31	48 cm. (2⁰)	3
8vo	19	13	19 cm. (8⁰)	3
2fo	34	22	1/2⁰ (34 cm.)	3
8vo	20	13	8⁰ (20 cm.).	3
NA	NA	NA	4⁰; 2⁰.	3
2fo	33	22	2⁰ (33 cm.).	3
2fo	45	30	1/2⁰ and 2⁰.	3
2fo	28	18	28 cm. (2⁰)	3
12mo	19	12.5	obl. 1/12⁰.	2
2long	53	30	long 2⁰.	2
4to	28	22	1/4⁰	2
8vo	19	13	1/8⁰	2
4to	19	16	19 cm. 4⁰	2
4to	20	17	20 cm. 4⁰	2
8vo	15	11	15 cm. 8⁰	2
8vo	14	10	14 cm. 8⁰	2
NA	23	20	23 x 20 cm.	2
NA	26	22	26 x 22 cm.	2
NA	26	20	26 cm.	2
NA	56	44	56 x 44 cm.	2
NA	16	11	11 x 16 cm.	2
NA	43	31	43 x 31 cm.	2
NA	38	32	38 x 32 cm.	2
NA	NA	NA	?.	2
NA	42	17	42 x 17 cm.	2
NA	29	23	29 x 23 cm.	2
NA	18	11	11 x 18 cm.	2
NA	18	15	18 x 15 cm.	2
NA	29	20	29 x 20 cm.	2
NA	38	29	38 x 29 cm.	2
2fo	45	30	(1/2')	2
NA	14	11	14 cm.	2
NA	24	17	24 x 17 cm.	2
NA	36	19	36 x 19 cm.	2
NA	42	27	42 x 27 cm.	2
NA	30	18	30 x 18 cm.	2
NA	32	22	32 x 22 cm.	2
NA	22	18	18 x 22 cm.	2
NA	23	18	18 x 23 cm.	2
NA	50	19	50 x 19 cm.	2
NA	37	23	37 x 23 cm.	2
NA	36	13	36 x 13 cm.	2
NA	45	27	45 x 27 cm.	2
NA	31	17	31 x 17 cm.	2
NA	28	21	28 x 21 cm.	2
8vo	19	13	8⁰ .	2
NA	54	42	54 x 42 cm.	2
NA	42	34	42 x 34 cm.	2
NA	34	23	34 x 23 cm.	2
NA	31	18	31 x 18 cm.	2
NA	27	20	27 cm.	2
NA	18	13	18 x 13 cm.	2
NA	22	17	22 x 17 cm.	2
NA	51	20	51 x 20 cm.	2
NA	36	25	36 x 25 cm.	2
NA	25	20	25 x 20 cm.	2
NA	24	20	24 x 20 cm.	2
NA	41	26	41 x 26 cm.	2
NA	43	17	43 x 17 cm.	2
NA	27	20	27 x 20 cm.	2
NA	40	32	40 x 32 cm.	2
NA	36	20	36 x 20 cm.	2
NA	20	16	20 x 16 cm.	2
NA	38	31	38 x 31 cm.	2
NA	20	15	20 x 15 cm.	2
NA	NA	NA	(4to and 8vo)	2
NA	24	19	24 cm.	2
NA	42	35	42 x 35 cm.	2
NA	14	12	12 x 14 cm.	2
NA	20	19	19 x 20 cm.	2
NA	52	41	52 x 41 cm.	2
NA	40	33	40 x 33 cm.	2
NA	40	26	40 cm.	2
NA	43	18	43 x 18 cm.	2
NA	22	20	22 x 20 cm.	2
NA	25	19	25 x 19 cm.	2
NA	21	18	18 x 21 cm.	2
NA	40	26	26 x 40 cm.	2
4to	28	22	4.̊	2
64mo	7	5	64⁰.	2
2fo	45	30	obl.2⁰.	2
2fo	27	17	27 cm (2⁰)	2
12mo	14	10	14 cm (12⁰)	2
NA	NA	NA	⁰.	2
1to	90	60	1.	2
NA	NA	NA	?⁰	2
4to	30	23	30 cm (4⁰)	2
1to	90	60	1.̊	2
4to	28	22	4⁰..	2
2fo	45	30	1/2⁰.;1/2⁰.	2
2fo	45	30	1/2.̊	2
2fo	28	18	28 cm (2⁰)	2
2fo	45	30	37-47 cm (2⁰)	2
2fo	34	22	34 cm. (2⁰)	2
2fo	37	25	37 cm (1/2⁰)	2
4to	31	24	31 cm (4⁰)	2
4to	28	22	27-28 cm. (4⁰)	2
2fo	45	30	37-46 cm (2⁰)	2
2fo	29	19	29 cm (1/2⁰)	2
2fo	48	31	48cm (2⁰)	2
12mo	15	11	15 cm (12⁰)	2
12mo	16	11.5	16 cm (12⁰)	2
2fo	30	20	30 cm. (1/2⁰)	2
2fo	47	30	47 cm. (2⁰)	2
2fo	33	22	33 cm. (2⁰)	2
2fo	41	27	41 cm. (2⁰)	2
2fo	51	32	2⁰ (51 cm.).	2
NA	NA	NA	2⁰; 1⁰.	2
2fo	45	30	2⁰ (31-48 cm.).	2
2fo	27	17	27cm (2⁰)	2
8vo	24	15	8⁰ (23.5 cm.).	2
2fo	32	21	2⁰ (32 cm.).	2
NA	NA	NA	8₀.	2
2fo	30	20	1/2⁰ (30 cm.).	2
2fo	31	20	1/2⁰ (31 cm.).	2
4to	22	18	4⁰ (22 cm.).	2
2fo	36	24	36 cm. (2⁰)	2
NA	18	12	17.5 cm.	1
4to	28	22	4⁰?	1
4to	21	19	1/4⁰ (21 x 19 cm.)	1
4to	27	22	1/4⁰ (27 x 22 cm.)	1
2fo	34	16	1/2⁰? (34.5 x 16 cm.)	1
2fo	42	25	1/2⁰ (42 x 25 cm.)	1
NA	NA	NA	4 ⁰.	1
12mo	17.5	12	12⁰ (12 x 12 cm)	1
2fo	35	23	1/2⁰ (35 x 23 cm)	1
2fo	31	18	1/2⁰ (31 x 18 cm)	1
2fo	34	20	1/2⁰ (34 x 20 cm)	1
2fo	45	30	1/2⁰ .	1
2fo	37	11	1/2⁰ (37 x 11 cm)	1
4to	18	16	18 cm. 4⁰	1
2fo	32	21	32 cm. 2⁰	1
2fo	33	22	33 cm. 2⁰	1
2fo	31	20	2⁰ (31 x 20 cm.)	1
4to	20	17	20 cm. 4⁰.	1
4to	18	16	18 cm. (4⁰)	1
2fo	28	18	28 cm. 2⁰	1
8vo	15	11	15 cm. 8⁰.	1
12mo	14	10	14 cm. 12⁰	1
2fo	27	17	27 cm. 2⁰	1
NA	49	32	49.3 x 32.5 cm.	1
NA	27	15	27 x 15 cm.	1
NA	17	16	17 x 16 cm.	1
NA	NA	NA	ill. (relief cuts)	1
NA	45	32	45 x 32 cm.	1
NA	45	37	45 x 37 cm.	1
NA	36	31	36 x 31 cm.	1
NA	19	15	19 x 15 cm.	1
NA	15	11	15 x 11 cm.	1
NA	53	33	53 x 33 cm.	1
NA	45	15	45 x 15 cm.	1
NA	52	42	52 x 42 cm.	1
NA	44	19	44 x 19 cm.	1
NA	26	14	26 x 14 cm.	1
NA	28	22	28 x 22 cm.	1
NA	47	38	47 x 38 cm.	1
NA	15	9	15 x 9 cm.	1
NA	21	18	21 x 18 cm.	1
NA	52	22	52 x 22 cm.	1
NA	18	9	9 x 18 cm.	1
NA	35	15	35 x 15 cm.	1
NA	18	15	15 x 18 cm.	1
NA	55	47	55 x 47 cm.	1
NA	20	13	20 cm. (4to & 8vo)	1
32mo	12	7	1/32⁰.	1
NA	58	44	58 x 44 cm.	1
NA	49	37	49 x 37 cm.	1
NA	36	24	36 x 24 cm.	1
NA	20	14	14 x 20 cm.	1
NA	41	27	41 x 27 cm.	1
NA	23	19	23 x 19 cm.	1
NA	43	23	43 x 23 cm.	1
NA	16	13	13 x 16 cm.	1
NA	43	35	43 x 35 cm.	1
NA	39	24	39 x 24.5 cm.	1
NA	33	13	33 x 13 cm.	1
NA	41	21	41 x 21 cm.	1
2fo	32	21	32 cm. (fol))	1
NA	39	27	39x27cm.	1
1to	35	24	Broadside. 35 x 24 cm.	1
NA	31	20	31 x 19.5 cm.	1
NA	52	40	52 x 40 cm.	1
NA	43	29	43x29cm.	1
NA	21	15	15 x 21 cm.	1
NA	47	37	47 x 37 cm.	1
2fo	32	20	2⁰; 32 x 20 cm.	1
NA	27	25	27 x 25 cm.	1
NA	36	14	36 x 14 cm.	1
NA	33	9	33 x 9 cm.	1
NA	49	36	49 x 36 cm.	1
NA	21	19	19 x 21 cm.	1
NA	46	36	46 x 36 cm.	1
NA	22	21	21 x 22 cm.	1
NA	29	21	29 x 21 cm.	1
1to	33	25	33 x 25 cm. broadside.	1
NA	41	24	41 x 24 cm.	1
NA	23	13	13 x 23 cm.	1
NA	24	16	24 x 16.5cm.	1
NA	42	30	30 x 42 cm.	1
NA	34	21	21 x 34 cm.	1
NA	48	40	48 x 40 cm.	1
NA	42	32	42 x 32 cm.	1
NA	27	19	27 x 19 cm.	1
NA	41	32	32 x 41 cm.	1
NA	35	11	35 x 11 cm.	1
NA	31	11	31 x 11 cm.	1
NA	41	25	41 x 25 cm.	1
8vo	18	12	18 cm. (8vo; horizontal chain lines)	1
NA	38	20	38 x 20 cm.	1
NA	27	24	27 x 24 cm.	1
NA	33	19	33 x 19 cm.	1
NA	39	31	39 x 31 cm.	1
2fo	36	22	1/2⁰; 35.5 x 22.5 cm.	1
12mo	19	12.5	12⁰ .	1
NA	34	22	34cm.	1
NA	30	17	30 x 17 cm.	1
NA	12	9	12 cm.	1
2fo	45	30	(fol)	1
NA	18	17	17 x 18 cm.	1
NA	28	20	28 x 20 cm.	1
NA	25	22	22 x 25 cm.	1
NA	41	13	41 x 13 cm.	1
NA	27	22	22 x 27 cm.	1
NA	26	15	15 x 26 cm.	1
NA	24	19	24 x 19 cm.	1
NA	52	19	52 x 19 cm.	1
NA	23	17	23 x 17 cm.	1
NA	34	17	34 x 17 cm.	1
NA	45	35	45 x 35 cm.	1
NA	53	20	53 x 20 cm.	1
NA	43	16	43 x 16 cm.	1
NA	55	27	55 x 27 cm.	1
NA	34	25	34 x 25 cm.	1
NA	39	18	39 x 18 cm.	1
NA	46	17	46 x 17 cm.	1
NA	40	27	40 x 27 cm.	1
8vo	21	14	(21 cm. 8vo)	1
NA	25	18	25 x 18 cm.	1
NA	43	28	43 x 28 cm.	1
NA	17	8	17 x 8 cm.	1
NA	30	13	30 x 13 cm.	1
NA	31	24	31 x 24 cm.	1
NA	20	16	16 x 20 cm.	1
NA	26	21	26 x 21 cm.	1
NA	30	21	21 x 30 cm.	1
NA	42	15	42 x 15 cm.	1
NA	42	27	42 cm.	1
NA	50	37	50 x 37 cm.	1
NA	32	24	32 x 24 cm.	1
NA	44	18	44 x 18 cm.	1
NA	40	23	40 x 23 cm.	1
NA	31	21	31 x 21 cm.	1
NA	37	30	37 x 30 cm.	1
NA	26	15	26 x 15 cm.	1
NA	17	15	15 x 17 cm.	1
NA	21	16	21 x 16 cm.	1
NA	34	22	34 x 21.6 cm.	1
NA	21	13	13 x 21+ cm.	1
NA	26	22	22 x 26 cm.	1
NA	25	17	25 x 17 cm.	1
NA	28	17	28 x 17 cm.	1
NA	18	12	12 x 18 cm.	1
NA	41	17	41 x 17 cm.	1
1to	90	60	broadside.	1
NA	18	10	18.5 x 10.5cm.	1
NA	35	17	35 x 17 cm.	1
NA	40	31	40 x 31 cm.	1
NA	20	13	20 x 13 cm.	1
NA	21	14	21 x 14 cm.	1
NA	21	20	21 x 20 cm.	1
NA	42	23	42 x 23 cm.	1
NA	53	44	53 x 43.5 cm.	1
NA	39	16	39 x 16 cm.	1
NA	26	17	26 x 17 cm.	1
NA	37	23	23 x 37 cm.	1
NA	24	20	20 x 24 cm.	1
2fo	45	30	1/2⁰(?)	1
NA	36	24	36 cm.	1
NA	32	13	32 x 13 cm.	1
NA	56	22	22 x 56 cm.	1
4to	20	17	20 cm. (4to?)	1
NA	17	13	13 x 17 cm.	1
NA	18	14	14 x 18 cm.	1
NA	14	14	14 x 14 cm.	1
NA	26	18	26 x 18 cm.	1
NA	48	33	48 x 33 cm.	1
NA	51	42	42 x 51 cm.	1
NA	18	12	18cm.	1
NA	49	20	49 x 20 cm.	1
NA	42	25	42 x 25 cm.	1
NA	28	23	28 x 23 cm.	1
NA	35	30	35 x 30 cm.	1
NA	10	10	10 x 10 cm.	1
NA	36	29	36 x 29 cm.	1
NA	21	15	21 x 15 cm.	1
NA	21	11	11 x 21 cm.	1
NA	15	13	13 x 15 cm.	1
NA	19	10	19 x 10 cm.	1
NA	14	11	14 x 11 cm.	1
NA	34	31	34 x 31 cm.	1
NA	36	15	36 x 15 cm.	1
NA	22	22	22 x 22 cm.	1
NA	21	17	17 x 21 cm.	1
NA	31	25	31 x 25 cm.	1
NA	18	10	10 x 18 cm.	1
2fo	33	21	33 x 21 cm. (1/2')	1
4to	28	22	(1/4⁰)	1
NA	29	13	29 x 13 cm.	1
NA	56	45	56 x 45 cm.	1
NA	45	25	45 x 25 cm.	1
NA	48	35	35 x 48 cm.	1
NA	42	35	35 x 42 cm.	1
NA	38	22	38 x 22 cm.	1
NA	39	33	39 x 33 cm.	1
NA	42	31	42 x 31 cm.	1
NA	36	27	36 x 27 cm.	1
NA	17	11	17 x 11 cm.	1
NA	49	35	49 x 35 cm.	1
NA	47	40	47 x 40 cm.	1
NA	49	30	49 x 30 cm.	1
NA	28	16	28 x 16 cm.	1
NA	21	14	21 cm. (4to and 8vo)	1
NA	16	5	16 x 5 cm.	1
NA	30	11	30.2 x 11.3 cm.	1
NA	44	36	44 x 36 cm.	1
NA	43	12	43 x 12 cm.	1
NA	20	13	20cm.	1
NA	44	27	27 x 44 cm.	1
NA	23	12	23 x 12 cm.	1
NA	37	25	37 cm.	1
NA	44	29	44 x 29 cm.	1
NA	22	15	15 x 22 cm.	1
NA	50	20	50 x 20 cm.	1
NA	17	14	14 x 17 cm.	1
NA	33	21	21 x 33 cm.	1
NA	50	40	50 x 40 cm.	1
NA	43	36	43 x 36 cm.	1
NA	40	24	40 x 24 cm.	1
NA	50	38	50 x 38 cm.	1
NA	22	17	17 x 22 cm.	1
NA	32	23	32 x 23 cm.	1
NA	44	32	44 x 32 cm.	1
NA	30	21	30 x 21 cm.	1
NA	34	29	29 x 34 cm.	1
NA	28	19	28 x 19 cm.	1
NA	10	7	10 x 7 cm.	1
NA	33	15	33 x 15 cm.	1
NA	52	39	52 x 39 cm.	1
NA	19	13	13 x 19 cm.	1
NA	50	24	50 x 24 cm.	1
NA	49	19	49 x 19 cm.	1
NA	22	14	22 x 14 cm.	1
NA	23	14	23 x 14 cm.	1
NA	43	41	41 x 43 cm.	1
NA	51	41	51 x 41 cm.	1
NA	40	19	40 x 19 cm.	1
NA	27	23	27 x 23 cm.	1
48mo	10	6.5	48⁰.	1
NA	NA	NA	12⁰ & 8⁰	1
4to	28	22	Obl.4⁰.	1
1to	90	60	obl.1⁰.	1
1to	90	60	1⁰..	1
2fo	45	30	fol	1
16mo	15	12	16⁰	1
8vo	14	10	14 cm (8⁰)	1
2fo	90	60	1.	1
4to	17	15	17 cm (4⁰)	1
NA	NA	NA	2&#8304;.	1
2fo	90	60	1⁰..	1
2fo	45	30	2⁰(7).	1
8vo	19	13	8⁰ in 2.	1
2fo	45	30	2⁰(3?).	1
4to	28	22	4⁰ in 8's.	1
4to	28	22	4⁰ in 2.	1
16mo	15	12	16⁰ in 8's.	1
4to	28	22	1/obl.4⁰.	1
4to	28	22	obl. 4⁰.	1
4to	28	22	obl4⁰.	1
NA	NA	NA	1/2 D0.	1
4to	28	22	4⁹.	1
4to	19	16	19 cm (4⁰).	1
NA	NA	NA	1 D0.	1
1to	42	28	42 cm (1⁰)	1
NA	NA	NA	4 D0.	1
2fo	40	32	32 x 40 cm (2⁰)	1
12mo	19	12.5	12⁰.f	1
4to	28	22	quarto	1
4to	28	22	30 (4⁰)	1
2fo	32	19	19 x 32 cm (2⁰)	1
2fo	42	37	37 x 42 cm (2⁰)	1
NA	NA	NA	oblong 1⁰.	1
2fo	90	60	Obl 1⁰.	1
2fo	90	60	obl 1⁰	1
8vo	19	13	8.̊	1
12mo	14	10	10 cm (12⁰)	1
NA	NA	NA	1²⁰.	1
2fo	90	60	obl. 1⁰	1
2fo	45	30	obl 1/2⁰.	1
8vo	19	13	8	1
2fo	45	30	1/2	1
24long	14	9.5	long 24⁰.	1
4to	28	22	4⁰.;4⁰.	1
4to	28	22	4⁰. '	1
NA	NA	NA	4₀.	1
12mo	19	12.5	12.	1
NA	NA	NA	40.	1
NA	23	18	23 cm (80)	1
8vo	19	13	20-22 cm (8⁰)	1
NA	43	28	4⁰; 43 cm (2⁰)	1
2fo	42	27	42 cm (1/2⁰)	1
2fo	47	30	47 cm (1/2⁰)	1
4to	35	27	35 cm (4⁰)	1
4to	32	25	32 cm. (4⁰)	1
2fo	40	26	40 cm (1/2⁰)	1
2fo	38	25	38 cm (1/2⁰)	1
4to	28	22	20-23 cm (4⁰)	1
2fo	45	30	31-34 cm (2⁰)	1
2fo	45	30	51-34 cm (2⁰-obl. 2⁰)	1
2fo	45	30	42-50 cm (2⁰)	1
2fo	45	30	33-38 cm (2⁰)	1
2fo	53	33	53 cm (2⁰)	1
4to	28	22	27-29 cm (4⁰)	1
NA	NA	NA	15-31 cm (1/4⁰-2⁰)	1
4to	28	22	19-22 cm (4⁰)	1
8vo	19	13	8⁰)	1
4to	28	22	24-26 cm (4⁰)	1
2fo	49	31	49 cm (1/2⁰, 2⁰)	1
2fo	45	30	45-49 cm (2⁰)	1
NA	NA	NA	32-46 cm (2⁾	1
2fo	45	30	39-45 cm (2⁰)	1
2fo	45	30	43-49 cm (2⁰)	1
NA	NA	NA	28-33 cm.	1
NA	NA	NA	31-46 cm.	1
2fo	45	30	40-51 cm (2⁰)	1
NA	39	26	39 cm (2⁾.	1
NA	NA	NA	21-23 cm.	1
2fo	45	30	29-48 cm (2⁰)	1
NA	NA	NA	28-44 cm (4⁰; 2⁰)	1
NA	45	29	45 cm (2)	1
NA	49	31	49 cm.	1
2fo	45	30	40; 34; 42 cm (2⁰; 1/2⁰; 2⁰)	1
2fo	45	30	32-36 cm (2⁰)	1
4to	29	23	29 cm. (4⁰)	1
8vo	19	13	19cm (8⁰)	1
12mo	17	12	17 cm (12⁰)	1
4long	30	23	30 cm (long 1/4⁰)	1
NA	NA	NA	20-22 cm.	1
2fo	37	25	37cm (2⁰)	1
2fo	35	23	35 cm (1/2⁰)	1
2fo	45	30	31-32 cm (2⁰)	1
2fo	32	21	32 cm. (1/2⁰)	1
2fo	25	17	25 cm (1/2⁰)	1
2fo	33	22	33 cm. (1/2⁰)	1
2fo	45	30	47-48 cm. (2⁰)	1
8vo	19	13	20-21 cm (8⁰)	1
NA	21	14	21 cm. (8)	1
4to	32	25	4⁰ (32 cm.).	1
8vo	23	15	23 cm. (8⁰)	1
2fo	45	30	39-40 cm. (2⁰)	1
8vo	19	13	22-23 cm. (8⁰)	1
2fo	31	20	31 cm. (1/2⁰)	1
NA	NA	NA	27-22 cm (4⁰; 8⁰)	1
2fo	38	25	38 cm. (1/2⁰)	1
8vo	17	12	17 cm. (8⁰)	1
2fo	45	30	50-51 cm. (2⁰)	1
12mo	16	11.5	(16 cm.) 12⁰	1
2fo	49	31	2⁰ (49 cm.)	1
NA	NA	NA	29-40 cm. (4⁰; 2⁰)	1
8vo	19	13	22-24 cm (8⁰)	1
2fo	45	30	1/2⁰-2⁰.	1
2fo	48	31	2⁰ (48 cm.).	1
4to	31	24	4⁰ (31 cm.).	1
2fo	45	30	37-44 (2⁰)	1
2fo	51	32	51 cm. (2⁰)	1
2fo	45	30	2⁰ and 1/2⁰.	1
4to	28	22	23-24 cm (4⁰)	1
2fo	45	30	34-35 cm (1/2⁰)	1
8vo	20	13	20cm (8⁰)	1
4to	19	16	19cm (4⁰)	1
2fo	27	17	2⁰ (27 cm.).	1
2fo	45	30	48-50 cm (2⁰)	1
4to	28	22	4⁰ (26-27 cm.).	1
2long	53	30	sm. 2⁰, turned chain lines.	1
4to	24	19	24 cm (4⁰)	1
4long	35	27	sm. 4⁰.	1
4long	35	27	long 1/4⁰.	1
NA	NA	NA	2⁰; later, 1⁰.	1
8vo	21	14	21 cm (8⁰).	1
NA	NA	NA	8⁰; 4⁰.	1
4to	27	21	27cm. (4⁰)	1
2fo	52	33	52 cm (2⁰)	1
2fo	45	30	35-40 cm. (2⁰)	1
2fo	40	26	40 cm. (1/2⁰)	1
2fo	42	27	42 cm.(2⁰)	1
8vo	22	15	22cm. (8⁰)	1
2fo	45	30	2⁰; 1/2⁰.	1
2fo	46	30	46cm (2⁰)	1
2fo	27	17	27 cm. (1/2⁰)	1
NA	NA	NA	4⁰;2⁰.	1
NA	NA	NA	2⁰; 4⁰.	1
2fo	47	30	2⁰ (47 cm.).	1
2fo	53	35	1⁰ (53 cm.).	1
NA	NA	NA	4⁰ and 2⁰.	1
2fo	45	30	2⁰ (30-31 cm.).	1
2fo	37	25	1/2⁰ (37 cm.).	1
NA	NA	NA	2⁰ and 4⁰.	1
2fo	45	30	1/2⁰ (28-30 cm.).	1
2long	46.5	30	30 cm (sm. 2⁰)	1
2fo	45	30	2⁰ (2 half-sheets)	1
2fo	41	27	2⁰ (41 cm.).	1
4long	30	12	long 1/4⁰ (30 x 12 cm.).	1
NA	NA	NA	28-35 cm (4⁰; 2⁰)	1
2fo	45	30	36-39 cm. (2⁰)	1
4to	29	23	4⁰ (29 cm.).	1
2fo	47	30	2⁰ (47 cm.)	1
2fo	30	20	2⁰ (30 cm.)	1
2fo	38	25	2⁰ (38 cm.).	1
4to	29	23	4⁰ (29 cm.)	1
NA	NA	NA	4⁰; sm 2⁰; 2⁰ (30-51 cm.).	1
4to	23	18	4⁰ (23 cm.).	1
2fo	45	30	2⁰?	1
2fo	53	33	2⁰ (53 cm.).	1
2fo	44	29	2⁰ (44 cm.).	1
2fo	50	32	2⁰ (50 cm.).	1
NA	NA	NA	4⁰ and 8⁰.	1
NA	NA	NA	84⁰.	1
8vo	19	13	8⁰ (22-24 cm.).	1
8vo	23	15	8⁰ (23 cm.).	1
8vo	24	15	8⁰ (24 cm.).	1
2fo	35	23	2⁰ (35 cm.).	1
4to	28	22	4⁰ (19-20 cm.).	1
NA	NA	NA	31-44 cm (4⁰; 2⁰)	1
2fo	26	17	1/2⁰ (26 cm.).	1
NA	NA	NA	4⁰, 2⁰ and 1⁰.	1
2fo	29	19	29 cm. (2⁰).	1
4to	24	19	24 cm. (4⁰).	1
4to	28	22	(4⁰)	1
4to	24	19	4⁰ (24 cm.).	1
4to	28	22	19-20 cm. (4⁰)	1
2fo	54	34	54 cm. (2⁰)	1
4to	28	22	4to.	1
4to	24	19	24cm. (4⁰)	1
4to	20	17	20 cm. (4to)	1
2fo	46	30	46 cm(2⁰)	1
12mo	18	12	18 cm (12⁰)	1
2fo	35	23	35 cm. (1/2⁰)	1
2fo	27	17	27 cm. (2⁰)	1
2fo	45	30	49-50 cm. (2⁰)	1
8vo	18	12	18 cm. (8⁰)	1
8vo	22	15	22 cm (8⁰).	1
2fo	45	30	32-33 cm. (2⁰)	1
2fo	37	25	37 cm. (2⁰)	1
2fo	45	30	39-41 cm. (2⁰)	1
8vo	24	15	24 cm. (8⁰)	1
12mo	20	13	13 cm (12⁰)	1
2fo	45	29	45 cm. (2⁰)	1
2fo	38	25	38 cm. (2⁰)	1
2fo	44	29	44 cm. (2⁰)	1
2fo	26	17	26 cm (1/2⁰)	1
NA	NA	NA	12.̥	1
8vo	19	13	obl.1/8⁰.	1
