name	gender	count
NA	NA	32049
john	male	2646
william	male	1742
thomas	male	1338
richard	male	586
george	male	544
james	male	541
robert	male	536
edward	male	397
henry	male	368
samuel	male	320
joseph	male	265
charles	male	254
francis	male	237
david	male	228
edmund	male	221
oliver	male	188
daniel	male	178
benjamin	male	139
gilbert	male	134
peter	male	133
alexander	male	127
roger	male	110
nathaniel	male	107
philip	male	103
hugh	male	89
isaac	male	85
jonathan	male	83
flavius	male	82
matthew	male	76
j	NA	73
laurence	male	69
edward hyde	male	64
clement	male	64
anthony	male	63
giovanni paolo	male	62
arthur	male	60
r	NA	57
stephen	male	56
christopher	male	56
andrew	male	56
julius	male	55
walter	male	53
humphrey	male	53
nicholas	male	50
ralph	male	46
josiah	male	45
d	NA	45
cornelius	male	45
michael	male	44
thomas wentworth	male	42
henry st john	male	41
lucius annaeus	male	39
n	NA	37
paul	male	36
patrick	male	36
abel	male	35
jean	female	34
adam	male	34
archibald	male	30
mary	female	29
ferdinando	male	29
w	NA	28
simon	male	27
robert goodloe	male	27
robert devereux	male	27
pierre	male	27
nicolas	male	27
george monck	male	27
louis	male	26
eleanor	female	26
cotton	male	26
t	NA	25
jacob	male	25
hugo	male	25
denzil	male	25
abraham	male	25
marchamont	NA	24
françois	male	24
francis d'	male	24
lewis	male	23
maurice	male	22
joshua	male	22
john fitzgibbon	male	22
jeremiah	male	22
israel	male	22
elizabeth	female	22
titus	male	21
thomas lewis	male	21
luke	male	21
jeremy	male	21
jacques	male	21
silius	NA	20
martin	male	20
helen maria	female	20
tobias george	male	19
paolo	male	19
james butler	male	19
h	NA	19
john hamilton	male	18
jean de	female	18
george savile	male	18
george digby	male	18
charles-françois du périer	NA	18
white	male	17
timothy	male	17
pierre mathurin de	male	17
john thompson	male	17
friedrich	male	17
claude	male	17
archibald campbell	male	17
warren	male	16
theophilus	male	16
sébastien	male	16
guillaume de salluste	male	16
gabriel-honoré de riquetti	NA	16
francesco	male	16
elinor	female	16
william cavendish	male	15
jonas	male	15
johannes	male	15
gabriel	male	15
charles de secondat	male	15
charles alexandre de	male	15
audley	male	15
temple	female	14
michel	male	14
mary white	female	14
margaret	female	14
jean-paul	NA	14
william eden	male	13
william augustus	male	13
vincent	male	13
slingsby	NA	13
philippe de	male	13
nathanael	male	13
murrough o'brien	male	13
jean-gabriel	NA	13
george mackenzie	male	13
edward montagu	male	13
ebenezer	male	13
aaron	male	13
thomas osborne	male	12
robert rich	male	12
payne	male	12
lionel	male	12
jean-baptiste	male	12
henri	male	12
frances	female	12
elisha	female	12
dudley	male	12
soame	NA	11
matthias	male	11
m	NA	11
louis ellies	male	11
gryffith	NA	11
gatien	NA	11
galeazzo	NA	11
ethan	male	11
c	NA	11
william henry	male	10
william cusack	male	10
william cecil	male	10
w h	NA	10
valentine	male	10
rowland	male	10
niccolò	male	10
nathan	male	10
matthew robinson-morris	male	10
mathias	male	10
joel	male	10
h h	NA	10
gregorio	male	10
g	NA	10
conyers	NA	10
catharine	female	10
bulstrode	NA	10
bevill	NA	10
anthony ashley cooper	male	10
ambrose	male	10
zachary	male	9
simon nicolas henri	male	9
sarah churchill	female	9
raoul	male	9
quintus	male	9
pasquin	NA	9
p	NA	9
marmaduke	male	9
john digby	male	9
johann caspar	male	9
james stanley	male	9
james graham	male	9
horace	male	9
herbert	male	9
harbottle	NA	9
giles	male	9
edward russell	male	9
e	NA	9
de	NA	9
charles john ann	male	9
calybute	NA	9
bruno	male	9
browne	NA	9
antoine	male	9
simonds	NA	8
philip morin	male	8
o	NA	8
marcus junianus	male	8
l	NA	8
james thomson	male	8
j z	NA	8
ira	male	8
henry home	male	8
gilbert elliot	male	8
gerard	male	8
george villiers	male	8
fabian	male	8
edmond	male	8
delariviere	NA	8
charles kendal	male	8
caleb	male	8
bartholomew	male	8
antonio de	male	8
anna	female	8
trophime-gérard	NA	7
tristram	male	7
silas	male	7
sarah	female	7
raphael	male	7
polydore	NA	7
pier giovanni	female	7
nathaniel william	male	7
louis de	male	7
john sheffield	male	7
john holroyd	male	7
john dalrymple	male	7
joan	female	7
jean-antoine-nicolas de caritat	NA	7
jean pierre	female	7
james edward	male	7
ignatius	male	7
henry dundas	male	7
guido	male	7
giuseppe	male	7
friedrich hermann	male	7
françois	NA	7
ezekias	male	7
ephraim	male	7
ellis	male	7
elkanah	male	7
eliza fowler	female	7
edward somerset	male	7
duncan	male	7
donald	male	7
bryan	male	7
brian	male	7
balthazar	male	7
arthur annesley	male	7
anne	female	7
alessandro	male	7
william alexander	male	6
wentworth dillon	male	6
vicesimus	NA	6
thomas bradbury	male	6
shute	NA	6
roger palmer	male	6
robert treat	male	6
pelatiah	NA	6
nahum	male	6
marcus tullius	male	6
lancelot	male	6
john huddlestone	male	6
johann jakob	male	6
johann georg	male	6
james douglas	male	6
herman	male	6
guy	male	6
gorges edmond	NA	6
georg friedrich	male	6
geoffrey	male	6
frederick howard	male	6
ezekiel	male	6
eusebius	male	6
elias	male	6
dominique	female	6
daines	NA	6
charles pinot-	male	6
charles francis	male	6
capel	NA	6
arthur ashley	male	6
arrigo caterino	male	6
armand jean du plessis	male	6
archibald johnston	male	6
antonio	male	6
antoine de pas	male	6
andré	male	6
amon	male	6
aeneas	male	6
wheeler	male	5
ulick de burgh	male	5
tommaso	male	5
rice	male	5
rené	male	5
pons augustin	male	5
pierre-daniel	NA	5
pierre étienne auguste	male	5
pierre de	male	5
pemberton	NA	5
obadiah	male	5
noah	male	5
morgan	female	5
mercy otis	female	5
leonard	male	5
lawrence	male	5
judas thaddaeus	male	5
juan de	male	5
jonathan mitchell	male	5
john joachim	male	5
john campbell	male	5
jean-henri	NA	5
jean louis	female	5
james touchet	male	5
isaac de	male	5
humphry	male	5
henry rich	male	5
hamon	male	5
guillaume	male	5
gerrard	male	5
george warter	male	5
george bubb	male	5
foote	NA	5
famiano	NA	5
ezra	male	5
eustace	male	5
ely	male	5
éléazar de	NA	5
eleazar	male	5
devereux	male	5
dennis	male	5
colley	male	5
bernard	male	5
antony	male	5
anthony à	male	5
alexander leslie	male	5
zephaniah	male	4
william wyndham	male	4
william seymour	male	4
vittorio	male	4
théodore de	male	4
thaddeus	male	4
sylvester	male	4
sydenham	NA	4
simeon	male	4
roderic	male	4
richard owen	male	4
prudencio de	male	4
praisegod	NA	4
perez	male	4
percy	male	4
patrick hume	male	4
ninian	male	4
nehemiah	male	4
miles	male	4
meric	male	4
mathew	male	4
marcus	male	4
lucius cary	male	4
louis de rouvroy	male	4
louis claude	male	4
lodowick	NA	4
lazarus	male	4
lazare	male	4
lambert van den	male	4
josias	male	4
job	male	4
jeanne de saint-rémy de valois	female	4
jean-pierre-louis de	NA	4
jean-pierre	NA	4
jean françois	female	4
jean baptiste	female	4
jasper	male	4
jan philipsz	male	4
jan	male	4
james pettit	male	4
jacques-auguste de	NA	4
jacob nicolas	male	4
hiob	male	4
hervey redmond morres	male	4
henry clifford	male	4
henry booth	male	4
henry addington	male	4
henoch	male	4
havilland	female	4
godfrey	male	4
giovanni battista	male	4
giovanni	male	4
george goring	male	4
george germain	male	4
george frederick	male	4
george booth	male	4
gaspar	male	4
garcilaso de la	NA	4
friedrich gottlieb	male	4
françois de	male	4
françois de	NA	4
engelbert	male	4
eliphalet	male	4
dominick	male	4
denis	male	4
darby	female	4
claude carloman de	male	4
charlwood	NA	4
charles james	male	4
charles irénée castel de	male	4
carlo	male	4
carl	male	4
benedikte	female	4
b	NA	4
augustus	male	4
amos	male	4
algernon	male	4
alberto	male	4
zacharie	male	3
yves-joseph	NA	3
willoughby bertie	male	3
willem	male	3
val	male	3
unton	NA	3
thomas richard	male	3
thomas pelham-holles	male	3
thomas o'brien	male	3
thomas brooke	male	3
theodorus	NA	3
theobald wolfe	male	3
tate	male	3
tam	male	3
solomon	male	3
samuel stanhope	male	3
saint	male	3
sackville	NA	3
roderick	male	3
robert-françois-joseph	NA	3
robert r	male	3
robert john	male	3
robert greville	male	3
richard joseph	male	3
reginald	male	3
q	NA	3
pierre-françois-xavier de	NA	3
pierre joseph d'	male	3
philippus van	male	3
philippe	male	3
peregrine bertie	male	3
percival	male	3
pedro	male	3
paul-emilien	NA	3
nicolaus ludwig	male	3
myles	male	3
mostyn john	male	3
moses	male	3
micaiah	male	3
maximilien	male	3
mathieu françois pidanzat de	male	3
mathieu françois pidanzat de	male	3
mark	male	3
maarten harpertsz	male	3
m l e	NA	3
lysimachus	male	3
luigi	male	3
louis armand de lom d'arce	male	3
levi	male	3
landon	male	3
juan bautista	male	3
josephus	male	3
john perceval	male	3
john murray	male	3
john henry	male	3
johann amos	male	3
joachim	male	3
jeffrey	male	3
jean-françois	NA	3
jean-alphonse	NA	3
jean françois paul de gondi de	female	3
jane	female	3
james scott	male	3
jacques bénigne	male	3
jacinto	male	3
jabez	male	3
iacopo	NA	3
horatio	male	3
hezekiah	male	3
hermon	male	3
henry sidney	male	3
henry neville	male	3
henry hyde	male	3
henry george	male	3
henry carey	male	3
hardress	NA	3
hans	male	3
gregory	male	3
gordon	male	3
godard	male	3
giovanni francesco	male	3
gervase	male	3
georg ludwig	male	3
gaultier de coste	NA	3
françois antoine	male	3
francisco de	male	3
francis taaffe	male	3
francis rawdon-hastings	male	3
evrard de	male	3
everard	male	3
evan	male	3
emmanuel-louis-henri-alexandre de launay	NA	3
edward cecil	male	3
edmund john	male	3
dorothy	female	3
diego de	male	3
desiderius	NA	3
david stewart erskine	male	3
cuthbert	male	3
cristof hermann	NA	3
consort of charles i king of england	NA	3
colin lindsay	male	3
clara	female	3
christophorus	male	3
christian friedrich	male	3
charles henry	male	3
charles alfred	male	3
cadwallader	NA	3
blaise	male	3
bernard le bovier de	male	3
benjamin young	male	3
benedict	male	3
bartholomaeus	NA	3
barnabas	male	3
auguste	male	3
arthur capel	male	3
aphra	female	3
antoine-yves	NA	3
antoine marie	male	3
ange	female	3
andrewes	NA	3
andreas	male	3
andrea	female	3
amyas	male	3
allan	male	3
alice	female	3
alfonso de	male	3
alexandre	male	3
abiel	male	3
zacheus	male	2
william petty	male	2
wendy	female	2
w r	NA	2
w m	NA	2
vincent-claude	NA	2
verity	female	2
uvedale	NA	2
trophime-gérard	NA	2
torbern	NA	2
tom	male	2
tobias	male	2
thomas livingston	male	2
thomas ledlie	male	2
thomas howard	male	2
thomas grey	male	2
sylvester douglas	male	2
susanna	female	2
stevenson	male	2
stanley	male	2
spencer compton	male	2
smyth	NA	2
shon ap	male	2
seth	male	2
samuel waller	male	2
salvatore	male	2
rudolf	male	2
roger boyle	male	2
robert stewart	male	2
robert sidney	male	2
robert kerr	male	2
robert hanson	male	2
robert dudley	male	2
robert devereaux	male	2
robert cecil	male	2
richard talbot	male	2
richard graham	male	2
richard brinsley	male	2
richard boyle	male	2
randal macdonnell	male	2
r v	NA	2
r plumer	NA	2
pietro	male	2
pierre jean	male	2
pierre françois	male	2
philippe de clérembault	male	2
philipp	male	2
philip john	male	2
philip dormer stanhope	male	2
philip dormer	male	2
philémon de	NA	2
philemon	male	2
phelim	male	2
peter gally de	male	2
patrick ruthven	male	2
owen roe	male	2
onslow	NA	2
ogier ghislain de	NA	2
nicholas preston	male	2
newcome	NA	2
nestore	male	2
montague bertie	male	2
michel-rené	NA	2
matthieu de	male	2
martha arundel	female	2
marquard	NA	2
marius	male	2
marguerite-jeanne	NA	2
marco antonio	male	2
manuel de	male	2
manasseh	male	2
luke plunkett	male	2
ludwig friedrich	male	2
louis-pierre	NA	2
louis-marie	NA	2
louis verjus	male	2
louis françois armand du plessis	male	2
lorenz	male	2
lewes	male	2
lemuel	male	2
lawrence parsons	male	2
lachlan	male	2
konrad engelbert	male	2
kenelm	male	2
katherine	female	2
karl josef von	male	2
judah	male	2
joseph c	male	2
john talbot	male	2
john sylvester john	male	2
john stewart	male	2
john robartes	male	2
john paul	male	2
john mason	male	2
john joshua proby	male	2
john jervis white	male	2
john horne	male	2
john gordon	male	2
john gay	male	2
john drummond	male	2
john coakley	male	2
john c	male	2
john bourke	male	2
johann stephan	male	2
johann joachim von	male	2
johann heinrich	male	2
johann friedrich	male	2
johann	male	2
joachim heinrich	male	2
jo	female	2
jerónymo	NA	2
jeffery	male	2
jedidiah	male	2
jeanne bécu	female	2
jean-nicolas de	NA	2
jean-bernard-louis desjean	NA	2
jean-bernard-louis	NA	2
jean-baptiste-louis	NA	2
jean-armand	NA	2
jean-antoine de mesmes	NA	2
jean-andré	NA	2
jean sylvain	female	2
jean jacques	female	2
jános	NA	2
jan janszoon	male	2
jan janszn	male	2
james maitland	male	2
james erskine	male	2
james digges	male	2
jacques bénigne	male	2
jacques auguste de	male	2
jacques antoine hippolyte	male	2
j t	NA	2
j s	NA	2
ignazy	NA	2
honoré	male	2
hermann	male	2
henry scott	male	2
henry grey	male	2
heneage finch	NA	2
hector	male	2
hannah	female	2
gustavus	male	2
guillaume-alexandre de	NA	2
guidobald	NA	2
guichard	NA	2
gervase parker	male	2
georges-henri-victor	NA	2
george marie	male	2
george granville	male	2
george gordon	male	2
gédéon	NA	2
gasparo	male	2
frederick	male	2
frederic	male	2
françois-claude-amour	NA	2
françois pierre	male	2
francisco	male	2
francis grant	male	2
filliberto sallier de	NA	2
félix de	male	2
fayrer	NA	2
f m	NA	2
f henry	NA	2
eyles	NA	2
étienne	male	2
etienne	male	2
enrico	male	2
enos	male	2
enoch	male	2
ellis cornelia	male	2
elijah	male	2
edward seymour	male	2
edmond charles	male	2
ed de	male	2
dudley carleton	male	2
dorcas	female	2
deodat	NA	2
david erskine	male	2
count palatine	male	2
costanzo	male	2
cooper	male	2
constantine	male	2
connor maguire	male	2
claude joseph de	male	2
christoph friedrich	male	2
christian	male	2
charlotte turner	female	2
charles montagu	male	2
charles françois du périer	male	2
charles de	male	2
charles coote	male	2
catherine sedley	female	2
carlos martínez de yrujo y tacón	male	2
caesar	male	2
bourchier	NA	2
bonaventura	male	2
bernardin de	NA	2
benoı̂t de	NA	2
benjamin andrewes	male	2
benedetto	male	2
beauchamp	NA	2
basil william	male	2
basil	male	2
bartolomej	NA	2
aylett	NA	2
aulay	male	2
augustin	male	2
archibald campbell earl of	male	2
anton	male	2
ant jaq	NA	2
anselm	male	2
anna maria	female	2
ann	female	2
anders	male	2
álvaro de	male	2
alonso de	male	2
algernon percy	male	2
albertus	male	2
alban	male	2
agmondisham	NA	2
agamemnon shaglock van	male	2
adoniram	male	2
abiezer	male	2
abednego	male	2
zacharias	male	1
zabdiel	male	1
winston	male	1
william steel	male	1
william stanhope	male	1
william russell	male	1
william richardson	male	1
william moore	male	1
william lindsay	male	1
william lewis	male	1
william kerr	male	1
william julius	male	1
william james	male	1
william howard	male	1
william grant	male	1
william graham	male	1
william george richard stanley	male	1
william fiennes	male	1
william douglas	male	1
william cunningham	male	1
whitelocke	NA	1
wenceslaus	male	1
wellins	NA	1
watkin	NA	1
walter sir	male	1
walraven van	NA	1
waller	male	1
w d	NA	1
w c	NA	1
w a	NA	1
virgilio	male	1
vincenzio	male	1
vavasor	NA	1
vasco	male	1
v j	NA	1
v	NA	1
ulpian	NA	1
trophime-grard	NA	1
trophime-gerard	NA	1
treadway russell	NA	1
torquato	NA	1
tim	male	1
tiberius	male	1
thornhagh	NA	1
thomas west	male	1
thomas w	male	1
thomas turner	male	1
thomas terry	male	1
thomas pope	male	1
thomas p	male	1
thomas hooper	male	1
thomas henry	male	1
thomas hamilton	male	1
thomas green	male	1
thomas dungan	male	1
thomas dongan	male	1
thomas de	male	1
thomas arthur de	male	1
tho	male	1
theobald	male	1
thémiseul de	NA	1
the court of the king of great britain	NA	1
thaddeus mason	male	1
tench	NA	1
temple henry	female	1
tanfield	NA	1
tancred	male	1
t h b	NA	1
sylvanus	male	1
syl	male	1
styan	NA	1
stephen row	male	1
stephen martin	male	1
stephanus	male	1
stepan petrovich	male	1
st john	male	1
sir william	male	1
sir maurice	male	1
sir george	male	1
sir audley	male	1
simon fraser	male	1
simon de	male	1
silvanus	male	1
shippie	NA	1
sherman	male	1
sharon	female	1
serenus	male	1
sedgwick	male	1
sébastien	NA	1
sebastian	male	1
seaborn	male	1
scipione	NA	1
scévole de	NA	1
sayer	male	1
sawney	male	1
sarah wentworth	female	1
sancho manuel de vilhena	male	1
samuel taylor	male	1
samuel morton	male	1
samson	male	1
sampson	male	1
salomon	male	1
sake deen	NA	1
s	NA	1
rudolf erich	male	1
roger de rabutin	male	1
rodolphe	male	1
robert spencer	male	1
robert ridgeway	male	1
robert pool	male	1
robert hay	male	1
robert dundas	male	1
robert de	male	1
robert carter	male	1
robert boucher	male	1
robert anthony	male	1
ridgly	NA	1
richard nash	male	1
richard downing	male	1
richard de	male	1
richard coote	male	1
reymer	NA	1
reuben	male	1
return jonathan	NA	1
rené-louis de voyer	NA	1
rené goulaine de	NA	1
rené	NA	1
reeve	male	1
redmond	male	1
reay	NA	1
raymond de	male	1
raunce	NA	1
raphe	NA	1
randle	male	1
randall	male	1
rachel	female	1
r legge	NA	1
r b	NA	1
quirin	male	1
queen consort of henry iv king of france	female	1
priscilla	female	1
pons de lauzière	male	1
pieter de	male	1
pierre-victor	NA	1
pierre-curel	NA	1
pierre-alphonse	NA	1
pierre le pesant	male	1
pierre joseph antoine	male	1
pierre drapeyron de	male	1
pierre augustin caron de	male	1
philopater	male	1
phillis	female	1
phillips	male	1
phillip	male	1
philips van	male	1
philippe-auguste de sainte-foix	NA	1
philippe de montault de bénac	male	1
philipp georg friedrich von	male	1
philip yorke	male	1
philip stanhope	male	1
philip sidney	male	1
philip herbert	male	1
philip carteret	male	1
petrus	male	1
petruccio	NA	1
peter philanthropos	male	1
peregrine osborne	male	1
pedro de la	male	1
paul philippe	male	1
paul françois	male	1
patrick murray	male	1
patrick grant	male	1
patience	female	1
pantaleão	NA	1
p j b	NA	1
p f	NA	1
owen	male	1
oliver st john	male	1
of uppsala	NA	1
norman	male	1
noël antoine	NA	1
nikolaas	male	1
niels	male	1
nicolaus	male	1
niccolò	NA	1
niccolao	NA	1
neil	male	1
nathaniel brassey	male	1
nat	male	1
n x	NA	1
mylo	male	1
mungo	male	1
muhammad	male	1
moses c	male	1
morgan j	female	1
molly	female	1
mikhail vasilʹevich	male	1
miguel de	male	1
miguel	male	1
michiel van	male	1
michel armand	male	1
michael von	male	1
mervyn	male	1
meriwether	female	1
mercurius	NA	1
melchior	male	1
maximilien de bthune	male	1
maximilien de béthune	male	1
maurice auguste	male	1
matthieu	male	1
mather	male	1
math	male	1
mary lindley	female	1
mary julia	female	1
mary anne	female	1
martino	male	1
mark anthony de	male	1
mark anthony	male	1
marie joseph paul roche yves gilbert du motier	female	1
marguerite de	female	1
margaret askew fell	female	1
marcus friedrich	male	1
marco	male	1
marc-rené-marie d'amarzit de sahuguet d'	NA	1
mann	male	1
malachy	male	1
major	male	1
magdalen	female	1
lydia	female	1
luís de	NA	1
luis de	male	1
luis	male	1
ludovic lindsay	male	1
lucius quintius	male	1
louise-marguerite de lorraine	NA	1
louis-rené de caradeuc de	NA	1
louis-charles de hautefort	NA	1
louis-antoine de	NA	1
louis-alexandre	NA	1
louis philippe joseph	male	1
lodovico	male	1
lion	male	1
lieuwe van	NA	1
lewis tobias	male	1
lewis gordon	male	1
lettice	female	1
letitia	female	1
leopold william	male	1
léonor d'	NA	1
leonhard	male	1
leonardo	male	1
lazzaro	male	1
laurence hynes	male	1
lat	NA	1
lancelot-voisin	NA	1
kenrick	male	1
kenneth	male	1
karol fryderyk	female	1
julie	female	1
jules	male	1
judith	female	1
juan tomás enríquez de	male	1
juan luis	male	1
josse de	male	1
josias carvil	male	1
joseph-gaspard-gilbert de	NA	1
joseph wilkinson	male	1
joseph pitton de	male	1
joseph octave	male	1
joseph marie	male	1
joseph gurney	male	1
joseph charles	male	1
joseph brown	male	1
josé	NA	1
joris van	male	1
jone	male	1
jonathan williams	male	1
john thomas	male	1
john spencer	male	1
john singleton	male	1
john shute	male	1
john prior	male	1
john pennington	male	1
john of bingley	male	1
john monck	male	1
john mascoll	male	1
john manners	male	1
john maitland	male	1
john k	male	1
john joshua	male	1
john i	male	1
john hay	male	1
john graves	male	1
john glen	male	1
john gabriel	male	1
john frederick	male	1
john francis	male	1
john foster	male	1
john ferdinand smyth	male	1
john fauchereaud	male	1
john edward	male	1
john cox	male	1
john cosens	male	1
john churchill	male	1
john christopher	male	1
john blair	male	1
john bernard	male	1
john baptist	male	1
john abraham	male	1
johannes von	male	1
johannes velmont van	male	1
johann wilhelm von	male	1
johann philipp	male	1
johann peter von	male	1
johann michael	male	1
johann gottlieb	male	1
johann david	male	1
johann bernhard	male	1
johan van	male	1
johan	male	1
joh friedrich guillus	male	1
joannes georgius	female	1
joan derk van der	female	1
jo v	female	1
jerónymo	NA	1
jerónimo	male	1
jerome	male	1
jens	male	1
jean-vincent	NA	1
jean-roland	NA	1
jean-louis guez	NA	1
jean-hugues duroy de	NA	1
jean-guillaume de	NA	1
jean-françois espic de	NA	1
jean-françois de	NA	1
jean-claude	male	1
jean-baptiste-donatien de vimeur	NA	1
jean t'serclaes	female	1
jean simon	female	1
jean paul	female	1
jean lerond d'	female	1
jean le royer	female	1
jean le rond d'	female	1
jean joseph	female	1
jean frédéric	female	1
jean françois de	female	1
jean de dieu-raymond de	female	1
jean d'	female	1
jean bochart	female	1
jean benoı̂t	female	1
jason	male	1
jas	male	1
jared	male	1
jaques-antoine	NA	1
james-brown	NA	1
james wilson	male	1
james solas	male	1
james m	male	1
james jones	male	1
james henry	male	1
james hay	male	1
james harris	male	1
james fitzjames	male	1
james dalrymple	male	1
james burnet	male	1
james a	male	1
jakob	male	1
jacques pineton de	male	1
j samuel	NA	1
j l jean-l	NA	1
j l	NA	1
j b d'	NA	1
j a	NA	1
ithiel	male	1
israël-bernard de	NA	1
isaac burke	male	1
iōsēph	NA	1
innocent	male	1
imre	male	1
hyde	male	1
humfrey	male	1
hugh o'neill	male	1
hubert	male	1
hovenden	NA	1
horatius	male	1
hopestill	NA	1
holloway whitfield	NA	1
hoca	NA	1
hobart	male	1
hew	male	1
hercules	male	1
henry somerset	male	1
henry seymour	male	1
henry sacheverell	male	1
henry pierrepont	male	1
henry norton	male	1
henry montagu	male	1
henry jermyn	male	1
henry james	male	1
henry cary	male	1
henry bourchier	male	1
henry bennet	male	1
henri de lorraine	male	1
henri de la tour d'auvergne	male	1
henri de	male	1
hendrik	male	1
hellen	female	1
helen	female	1
heinrich	male	1
hayward	male	1
hayman	NA	1
harry	male	1
hanserd	NA	1
habakkuk	male	1
h e	NA	1
gustaf mauritz	male	1
gulielmus	NA	1
guillaume-joseph	NA	1
guillaume-emmanuel-joseph guilhem de clermont-lodève	NA	1
guillaume françois	male	1
guilielmo	NA	1
griffith	male	1
griffin	male	1
grantham	male	1
girolamo	male	1
giovanni tommaso	male	1
giovanni domenico	male	1
giovan battista feliciano	male	1
giovan battista	male	1
gilbert bishop	male	1
gil	male	1
gideon	male	1
gianvincenzo	NA	1
gershom	male	1
gerolamo franchi di	male	1
gerardus	NA	1
gerald	male	1
georges	male	1
george william	male	1
george robert	male	1
george richards	male	1
george legge	male	1
george griffin	male	1
george forbes	male	1
george cockburn	male	1
george calvert	male	1
george brydges	male	1
george andrew	male	1
georg georgson	male	1
georg	male	1
garnet	female	1
gamaliel	male	1
gabriel-honoré de riquetti	NA	1
gabriel d'	male	1
g w	NA	1
g d	NA	1
fynes	NA	1
friedrich von	male	1
friedrich karl casimir	male	1
friedrich ernst von	male	1
friedrich daniel	male	1
freeman	male	1
frederick william hervey	male	1
frederick morton	male	1
franz	male	1
frantz siegmund	male	1
françois-henri de montmorency	NA	1
françois-hédelin	NA	1
françois-dominique de reynaud	NA	1
françois xavier	male	1
françois thérèse	male	1
françois rené jean de	NA	1
françois rené	male	1
françois paul	male	1
françois nicolaas	male	1
françois eudes de	NA	1
françois de lorraine	male	1
françois de bonne	male	1
francois	male	1
franciscus de	male	1
francis garden	male	1
francesco saverio	male	1
florimond-claude	NA	1
florence	female	1
fitzhugh	male	1
fernando alvarez de toledo	male	1
fer~nao lopes de	NA	1
félix	male	1
fanny	female	1
f a	NA	1
f	NA	1
ezerel	NA	1
eyre	NA	1
ewald friedrich	male	1
eve	female	1
eustache	male	1
euphemia maria dungan	female	1
etienne de	male	1
esaïe du mats de	NA	1
erycius	NA	1
eobald	NA	1
englehart	NA	1
emmanuel van	male	1
emmanuel joseph	male	1
emanuel d'	male	1
emanuel	male	1
ellert de	NA	1
ellenor	female	1
eliz	female	1
elie	male	1
eli	male	1
elhanan	NA	1
eleutherius	male	1
elam	male	1
egerton	NA	1
edwin	male	1
edward wortley	male	1
edward sackville	male	1
edward rowe	male	1
edward la	male	1
edward henry	male	1
edw	NA	1
edmond alexander	male	1
eberhard august wilhelm von	male	1
east	NA	1
dwight	male	1
dougal	male	1
donell	male	1
donatien-marie-joseph de vimeur	NA	1
dominique-joseph	NA	1
domingo	male	1
dirk van	male	1
dionysius van de	male	1
diego sarmiento de acuña	male	1
diane	female	1
deuel	male	1
dermond	NA	1
dermod	NA	1
dermitius	NA	1
denzil holles baron	male	1
denys	female	1
denis ivanovich	male	1
demophilus	NA	1
david william	male	1
david thomas	male	1
david s	male	1
david leslie	male	1
daniel roderick	male	1
damião de	NA	1
dalby	NA	1
d'blossiers	NA	1
cradock	NA	1
corbyn	male	1
corbett	male	1
consort of frederick i king of bohemia	NA	1
consider	NA	1
conrade	male	1
claudius	male	1
claude-louis	NA	1
claude-joseph	NA	1
claude prosper jolyot de	male	1
cipriano de	male	1
christopher frederic	male	1
christoph martin	male	1
christian wilhelm franz	male	1
christian frederick	male	1
christiaan van	male	1
chrétien guillaume de lamoignon de	NA	1
chileab	NA	1
chidly	NA	1
chidley	NA	1
chauncey	male	1
charlotte saumaise de chazan	female	1
charlotte	female	1
charles-marie de	NA	1
charles-louis	NA	1
charles-joseph	NA	1
charles-jean-françois	NA	1
charles-auguste	NA	1
charles william	male	1
charles stanley	male	1
charles pratt	male	1
charles philippe	male	1
charles louis auguste de fouquet	male	1
charles louis	male	1
charles joseph françois	male	1
charles john cary	male	1
charles jenkinson	male	1
charles howard	male	1
charles henri	male	1
charles gerard	male	1
charles george	male	1
charles geneviève louis auguste andré timothée d'	male	1
charles etienne pierre	male	1
charles douglas	male	1
charles cotesworth	male	1
charles calvert	male	1
charles brockden	male	1
charles alexander	male	1
chandler	male	1
cesare	male	1
celio augustino	male	1
catherine	female	1
castruccio	NA	1
casto innocente	male	1
carl heinrich von	male	1
carew	NA	1
camillo	male	1
camille	female	1
calvin	male	1
c g	NA	1
c e	NA	1
c c	NA	1
bonnell	female	1
bob	male	1
bertrand poirier de	male	1
bertrand d'	male	1
bernardo	male	1
bernardino de	male	1
bernard de	male	1
benjamine	male	1
ben	male	1
battista	male	1
bassett	NA	1
bartolomé	male	1
bartholomé de	NA	1
barnaby	male	1
barnabe	male	1
aylmer	male	1
augustus john hervey	male	1
auguste-pierre	NA	1
aubry de	female	1
arvid	male	1
arundell	NA	1
arthur-roger	NA	1
arthur herbert	male	1
arnoldus	NA	1
arnold	male	1
armand-guy	NA	1
armand louis	male	1
armand de gramont	male	1
archibald cochrane	male	1
arch	male	1
antonio pereira de	male	1
antónio de	NA	1
antónio de	NA	1
antonio d r	male	1
anton friedrich	male	1
antoine-françois-claude	NA	1
antoine perrenot de	male	1
antoine louis claude	male	1
antoine alexandre	male	1
anthony preston	male	1
anthony ashly cooper	male	1
anselme d'	male	1
anne-hilarion de cotentin	NA	1
anne jean	female	1
ann eliza	female	1
angelo	male	1
andré de	male	1
amabel hume-campbell	female	1
alvaro	male	1
alured henry	NA	1
alssenadro	NA	1
allen	male	1
alicia	female	1
alexandre-louis	NA	1
alexander fraser	male	1
alexander crowcher	male	1
albrecht von	male	1
albert	male	1
alberico	male	1
alan	male	1
agustin de	male	1
agostino	male	1
agathon marie rené de	male	1
adrianus	NA	1
abū al-maḥāsin yūsuf	NA	1
abraham h	male	1
abigail	female	1
abbé de	NA	1
abbé	NA	1
