gatherings	physical_extent	estimated_pagecount	Count
Total count: 	17714		
12mo	2v.	2.66666666666667	2930
8vo	2v.	4	2492
8vo	[No pagination provided]	5	1371
4to	[No pagination provided]	108	1370
12mo	[No pagination provided]	552.5	 843
1to	[No pagination provided]	NA	 761
12mo	3v.	4	 716
2fo	[No pagination provided]	93.5	 647
12mo	4v.	5.33333333333333	 544
8vo	3v.	6	 523
8vo	4v.	8	 341
NA	[No pagination provided]	NA	 322
4to	2v.	NA	 256
2fo	2v.	4	 173
8vo	2 v.	4	 131
4to	1 v.	108	 121
12mo	5v.	6.66666666666667	 109
16mo	[No pagination provided]	NA	 101
4to	2 v.	NA	  90
12mo	2 v.	2.66666666666667	  83
12mo	6v.	8	  75
2fo	1 v.	93.5	  68
24mo	[No pagination provided]	NA	  64
12mo	8v.	10.6666666666667	  64
8vo	5v.	10	  64
NA	1 v.	NA	  63
18mo	2v.	2.66666666666667	  63
1to	NA	NA	  61
4to	3 v.	NA	  57
8vo	6v.	12	  57
8vo	3 v.	6	  56
NA	2 v.	2.66666666666667	  55
2fo	2 v.	4	  51
8vo	2v.	2.09195402298851	  48
8vo	4 v.	8	  42
8vo	1 v.	5	  41
8vo	8v.	16	  41
4to	NA	108	  39
2fo	3v.	6	  37
2fo	3 v.	6	  33
4to	3v.	NA	  32
12mo	10v.	13.3333333333333	  29
2fo	4 v.	8	  28
4to	4v.	NA	  27
8vo	3v.	3.13793103448276	  26
8vo	NA	5	  25
8vo	???	5	  24
NA	3 v.	4	  24
4to	4 v.	NA	  23
12mo	7v.	9.33333333333333	  23
8vo	6 v.	12	  21
4to	5 v.	NA	  20
2fo	5 v.	10	  20
24mo	2v.	2	  20
2fo	NA	93.5	  19
18mo	4v.	5.33333333333333	  19
32mo	[No pagination provided]	NA	  18
12mo	3 v.	4	  18
18mo	3v.	4	  18
4to	12pts.	108	  17
8vo	4v.	4.18390804597701	  17
8vo	7v.	14	  17
NA	NA	NA	  16
12mo	4 v.	5.33333333333333	  16
2fo	4v.	8	  16
16mo	2v.	4	  16
8vo	v.3-4	4	  16
NA	4 v.	4.11111111111111	  15
NA	5 v.	5.13888888888889	  15
2fo	6 v.	12	  15
8vo	12v.	NA	  15
12mo	9v.	12	  14
NA	7 v.	7.19444444444444	  13
4to	7 v.	NA	  13
4to	6 v.	NA	  13
2fo	7 v.	14	  13
2fo	9 v.	18	  13
2fo	5v.	10	  13
18mo	[No pagination provided]	NA	  13
12mo	1 v.	552.5	  12
12mo	v.3-4	2.66666666666667	  12
8vo	10v.	20	  12
8vo	1v. (various pagings)	5	  11
NA	2v.	2.66666666666667	  11
8vo	6v.	6.27586206896552	  11
NA	6 v.	6.16666666666667	  11
4to	11 v.	NA	  11
8vo	5 v.	10	  11
2fo	8 v.	16	  11
2fo	6v.	12	  11
8vo	5v.	5.22988505747126	  10
12mo	NA	552.5	  10
8vo	8 v.	16	  10
2fo	20 v.	NA	  10
8vo	10 v.	20	  10
4to	2v.	3.26666666666667	  10
8vo	8 parts	5	  10
2fo	3[1]p.	93.5	   9
2fo	12 v.	NA	   9
8vo	v.1-2	4	   9
NA	1v. (various pagings)	NA	   8
NA	9 v.	9.25	   8
2fo	10 v.	20	   8
4to	8 v.	NA	   8
2fo	15 v.	NA	   8
2fo	30 v.	NA	   8
2fo	11 v.	NA	   8
2fo	13 v.	NA	   8
NA	4 v.	5.33333333333333	   8
18mo	6v.	8	   8
12mo	12v.	NA	   8
8vo	13 parts	5	   8
8vo	8v.	8.36781609195402	   7
8vo	12 v.	NA	   7
4to	12 v.	NA	   7
4to	10 v.	NA	   7
2fo	14 v.	NA	   7
12mo	6 v.	8	   7
8vo	9v.	18	   7
12mo	v.2-8	9.33333333333333	   7
8vo	v.1-3	6	   7
8vo	10 parts	5	   7
NA	? p.	NA	   6
4to	4v.	6.53333333333333	   6
4to	3v.	4.9	   6
12mo	1 v. (various pagings)	552.5	   6
NA	11 v.	11.3055555555556	   6
2fo	18 v.	NA	   6
2fo	25 v.	NA	   6
12mo	2v	2.66666666666667	   6
8vo	1v.	5	   6
12mo	12pts.	552.5	   6
8vo	20pt.	5	   6
4to	6v.	NA	   6
12mo	v.1-2	2.66666666666667	   6
2fo	1 score ([1] p.)	93.5	   5
8vo	1 v. (2 pts.)	5	   5
8vo	2 v.	2.09195402298851	   5
2fo	1 score ([2] leaves)	93.5	   5
2fo	4 parts	93.5	   5
12mo	1 v. (unpaged)	552.5	   5
NA	14 v.	14.3888888888889	   5
2fo	28 v.	NA	   5
2fo	17 v.	NA	   5
2fo	38 v.	76	   5
4to	9 v.	NA	   5
8vo	9 v.	18	   5
2fo	23 v.	NA	   5
2fo	50 v.	100	   5
8vo	24 v.	NA	   5
8vo	14v.	NA	   5
12mo	8 v.	10.6666666666667	   5
8vo	9 parts	5	   5
2fo	1 score ([1] leaf)	93.5	   4
4to	1 score ([1] p.)	108	   4
NA	1atlas	NA	   4
8vo	2v	4	   4
8vo	11v.	NA	   4
4to	12 parts	108	   4
4to	8v.	NA	   4
12mo	16v.	NA	   4
4to	8 parts	108	   4
24mo	2 v.	2	   4
NA	4⁰.	NA	   4
NA	8 v.	8.22222222222222	   4
NA	3 v.	3.08333333333333	   4
2fo	v. :bill.	93.5	   4
8vo	40 v.	41.8390804597701	   4
2fo	16 v.	NA	   4
2fo	27 v.	NA	   4
NA	12 v.	12.3333333333333	   4
8vo	13 v.	NA	   4
NA	6 v.	8	   4
8vo	11 v.	11.5057471264368	   4
8vo	36 v.	37.6551724137931	   4
8vo	26 v.	NA	   4
2fo	52 v.	104	   4
2fo	43 v.	86	   4
2fo	21 v.	NA	   4
4to	26 v.	NA	   4
4to	36 v.	58.8	   4
4to	21 v.	NA	   4
2fo	40 v.	80	   4
2fo	53 v.	106	   4
8vo	4 v.	4.18390804597701	   4
12mo	2 vol.	2.66666666666667	   4
8vo	v.1	NA	   4
4to	6v.	9.8	   4
4to	5v.	NA	   4
2fo	8v.	16	   4
24mo	4v.	4	   4
12mo	v.5-6	2.66666666666667	   4
12mo	13v.	NA	   4
12mo	18v.	NA	   4
8vo	4 parts	5	   4
8vo	12v.	12.551724137931	   4
8vo	v.5-6	4	   4
8vo	v.2-3	4	   4
8vo	3 v.	3.13793103448276	   4
8vo	12pts.	5	   3
8vo	9v.	9.41379310344828	   3
16mo	6v.	12	   3
8vo	44v.	46.0229885057471	   3
8vo	7v.	7.32183908045977	   3
2fo	v.2-3	4	   3
4to	8pts.	108	   3
18mo	8v.	10.6666666666667	   3
8vo	Unpaged	5	   3
NA	1 map	NA	   3
2fo	xli [1] leaves	93.5	   3
64mo	[No pagination provided]	NA	   3
NA	v. ; 42 cm (2⁾	NA	   3
NA	10 v.	10.2777777777778	   3
NA	2 no.	NA	   3
NA	no.	NA	   3
NA	23 v.	23.6388888888889	   3
NA	5 v.	6.66666666666667	   3
2fo	29 v.	NA	   3
8vo	7 v.	14	   3
8vo	15 v.	NA	   3
2fo	91 v.	182	   3
2fo	35 v.	70	   3
2fo	55 v.	110	   3
2fo	76 v.	152	   3
2fo	34 v.	68	   3
2fo	22 v.	NA	   3
2fo	24 v.	NA	   3
2fo	56 v.	112	   3
2fo	45 v.	90	   3
2fo	140 v.	280	   3
4to	17 v.	NA	   3
2fo	19 v.	NA	   3
8vo	6 v.	6.27586206896552	   3
2fo	26 v.	NA	   3
4to	52 v.	84.9333333333333	   3
18mo	2v.	0.666666666666667	   3
4to	9 parts	108	   3
8vo	2 vol.	4	   3
12mo	2 vols.	2.66666666666667	   3
8vo	11pts.	5	   3
8vo	13v.	NA	   3
8vo	31 parts	5	   3
12mo	v.1-3	4	   3
8vo	24v.	25.1034482758621	   3
12mo	3 vol.	4	   3
2fo	1 score ([2] p.)	93.5	   2
12mo	2 pts.	552.5	   2
18mo	2 v.	2.66666666666667	   2
2fo	2 v. in 1	4	   2
16mo	2 v.	4	   2
8vo	4 vol.	8	   2
8vo	2 v. in 1	4	   2
8vo	1 vol.	5	   2
2fo	? p.	93.5	   2
4to	? p.	108	   2
4to	11 [1] p.	108	   2
12mo	13 v.	NA	   2
8vo	15 [1] p.	5	   2
2fo	112 v.	224	   2
8vo	? p.	5	   2
12mo	1v. (various pagings)	552.5	   2
8vo	3pt.	5	   2
4to	15[1]p.	108	   2
8vo	v.4-6	6	   2
8vo	8pts.	5	   2
32mo	4v.	8	   2
4to	1v.(various pagings)	108	   2
8vo	18v.	18.8275862068966	   2
4to	8v.	13.0666666666667	   2
4to	8 pts.	108	   2
4to	23pts.	108	   2
4to	16pts.	108	   2
1to	2v.	NA	   2
8vo	3 vols.	6	   2
12mo	20v.	NA	   2
8vo	6pts.	5	   2
8vo	416p.ill.,music	5	   2
8vo	10pts.	5	   2
18mo	5v.	6.66666666666667	   2
8vo	24v.	NA	   2
12mo	9 parts	552.5	   2
8vo	9pts.	5	   2
2fo	8pts.	93.5	   2
32mo	2v.	4	   2
4to	13 parts	108	   2
8vo	35 parts	5	   2
8vo	5 parts	5	   2
18mo	9v.	12	   2
8vo	2v., [2] folding leaves of plates	4	   2
2fo	13pts.	93.5	   2
12mo	2pts.	552.5	   2
4to	11[1]p.	108	   2
8vo	15[1]p.	5	   2
2fo	3[1]p	93.5	   2
2fo	11[1]p.	93.5	   2
NA	[London	NA	   2
12long	2 v.	36	   2
2fo	1 vol.	93.5	   2
12long	[No pagination provided]	226	   2
12mo	1 vol.	552.5	   2
2fo	xxvii [1] leaves	93.5	   2
4to	C.lxxxxvi leaves	108	   2
4to	3 parts	108	   2
4to	p.	108	   2
NA	8⁰.	NA	   2
2fo	2 vol.	4	   2
2fo	1 folded sheet	93.5	   2
NA	duodecimo	NA	   2
NA	8 p.4⁰.	NA	   2
4to	[10] l.	108	   2
NA	[48] p.8⁰.	NA	   2
NA	1 v. in various pagings.	NA	   2
NA	16 v.	16.4444444444444	   2
NA	14 v.	NA	   2
NA	35 v.	35.9722222222222	   2
NA	1 no.	NA	   2
NA	32 v.	32.8888888888889	   2
NA	26 no.	NA	   2
8vo	11 v.	NA	   2
NA	15 v.	15.4166666666667	   2
NA	40 v.	41.1111111111111	   2
2fo	64 v.	128	   2
12mo	5 v.	6.66666666666667	   2
4to	20 v.	NA	   2
2fo	v. :ill.	93.5	   2
8vo	32 v.	33.4712643678161	   2
4long	1 v.	NA	   2
12mo	18 v.	NA	   2
8vo	20 v.	NA	   2
8vo	26 v.	27.1954022988506	   2
1to	8 v.	NA	   2
8vo	108 v.	112.965517241379	   2
8vo	10 v.	10.4597701149425	   2
2fo	47 v.	94	   2
2fo	271 v.	542	   2
2fo	86 v.	172	   2
2fo	36 v.	72	   2
2fo	33 v.	66	   2
2fo	104 v.	208	   2
2fo	84 v.	168	   2
2fo	46 v.	92	   2
2fo	37 v.	74	   2
2fo	44 v.	88	   2
4to	46 v.	75.1333333333333	   2
4to	27 v.	NA	   2
4to	30 v.	NA	   2
4to	37 v.	60.4333333333333	   2
4to	34 v.	55.5333333333333	   2
4to	31 v.	50.6333333333333	   2
4to	22 v.	NA	   2
4to	14 v.	NA	   2
4to	24 v.	NA	   2
4to	43 v.	70.2333333333333	   2
4to	13 v.	NA	   2
4to	19 v.	NA	   2
4to	53 v.	86.5666666666667	   2
4to	25 v.	NA	   2
4to	49 v.	80.0333333333333	   2
4to	2 v	NA	   2
8vo	18 v.	NA	   2
8vo	30 v.	NA	   2
4to	28 v.	NA	   2
12mo	4 vol.	5.33333333333333	   2
2fo	1v.	93.5	   2
12mo	50v.	66.6666666666667	   2
12mo	v.7-8	2.66666666666667	   2
4to	7v.	NA	   2
12mo	9 v.	12	   2
4to	2 vol.	NA	   2
8vo	20v.	NA	   2
8vo	13v.	13.5977011494253	   2
NA	3v.	4	   2
2fo	7[1]p.	93.5	   2
12mo	10 parts	552.5	   2
4to	10 parts	108	   2
8vo	v.5-8	8	   2
12mo	15v.	NA	   2
64mo	2v.	294	   2
8vo	12 parts	5	   2
8vo	2 parts	5	   2
12mo	v.4-5	2.66666666666667	   2
48mo	2v.	NA	   2
8vo	15 parts	5	   2
2fo	v.1-2	4	   2
24mo	3v.	3	   2
8vo	v.7-8	4	   2
8vo	v.2	NA	   2
8vo	v.1-4	8	   2
4to	5v.	8.16666666666667	   2
8vo	2 pt.	5	   1
NA	p.	NA	   1
2fo	1 v. (approximately 74 leaves)	93.5	   1
2fo	1 score ([16] p.)	93.5	   1
2fo	1 score ([2] sheets)	93.5	   1
2fo	1 score ([1] leaves)	93.5	   1
2fo	1 score ([3] leaves)	93.5	   1
8vo	8 p. : b ill., port.	5	   1
8vo	8 p. : b ill.	5	   1
12mo	16 v.	NA	   1
4to	1 v. (various paginations)	108	   1
12mo	60 p. : Front.	552.5	   1
4to	1 folded sheet (4 p.)	108	   1
4to	[xvi] 40 p.	108	   1
2fo	{4?} p.	93.5	   1
2fo	[40] p. of plates	93.5	   1
4to	24 p. [2] leaves of plates	108	   1
12mo	2 v. in 1 ([ca. 1240 p.])	2.66666666666667	   1
4to	29 [1] p.	108	   1
2fo	12 pts.	93.5	   1
8vo	74 v.	77.4022988505747	   1
1to	1 folded sheet ([8] p.)	NA	   1
12mo	[12] l.	552.5	   1
8vo	1 folded sheet ([4] p.)	5	   1
4to	1 folded sheet ([4] p.)	108	   1
4to	folded sheet ([4] p.)	108	   1
8vo	2 parts in 1 (232 p.)	5	   1
8vo	[25] l.	5	   1
8vo	[11] l.	5	   1
12mo	1 v. (unnumbered)	552.5	   1
8vo	14 v.	14.6436781609195	   1
8vo	4 pts. [in 1 v.]	5	   1
8vo	3 v. in 1	6	   1
12mo	13 l.	552.5	   1
4to	1 vocal score (60 p.)	108	   1
1to	4 p. [38] plates	NA	   1
4to	13 numbered leaves	108	   1
2fo	26 scores (26 p.)	93.5	   1
8vo	3 pts. in 1 v.	5	   1
8vo	2 pts. in 1 v. (pt. 1: 21 leaves; pt. 2: 42 p.)	5	   1
2fo	2 nos. in 1 v.	93.5	   1
4to	2 v.	3.26666666666667	   1
2fo	2 vol. in 1	93.5	   1
4to	2 pts. in 1 v.	108	   1
12mo	2 v. in 1	2.66666666666667	   1
4to	4 vol.	NA	   1
4to	3 vol.	NA	   1
8vo	60 l.	5	   1
8vo	4 vol.	4.18390804597701	   1
4to	5 vol. in 4	108	   1
4to	19 p. 12 p.l.	108	   1
12mo	20 col. double plates	552.5	   1
16mo	3 pts. in 1 v.	NA	   1
4to	4 vol.	6.53333333333333	   1
24mo	1 v. (unpaged)	NA	   1
2fo	4 plates (incl. plan.)	93.5	   1
1to	4 v. in 2, plates (part col.)	NA	   1
18mo	6 v.	8	   1
18mo	4 v.	5.33333333333333	   1
2fo	unpaginated	93.5	   1
8vo	8 v.	8.36781609195402	   1
16mo	v. 3-4	4	   1
4to	2 v. in 1	3.26666666666667	   1
12mo	192 [12] p. p.	552.5	   1
4to	333 [1] p.	108	   1
8vo	2 v. in 1 vol.	4	   1
8vo	2 v. in 1.	2.09195402298851	   1
NA	1 folded sheet ([2]leaves)	NA	   1
2fo	v. 3	93.5	   1
2fo	?	93.5	   1
4to	1 album (6 engravings)	108	   1
4to	1 condensed score (30 p.)	108	   1
4to	?p.	108	   1
2fo	[4] p. (last 3 p. blank)	93.5	   1
4to	[?]	108	   1
8vo	311 [1] p.	5	   1
2fo	[4] pages	93.5	   1
2fo	[ ] p.	93.5	   1
4to	4 v. (various pagings)	6.53333333333333	   1
8vo	44 v.	46.0229885057471	   1
1to	87 v.	NA	   1
12mo	14 numbers	552.5	   1
8vo	7 v. in 4	14	   1
12mo	Check signatures and pagination	552.5	   1
8vo	78 [2] p.	5	   1
8vo	18 v.	18.8275862068966	   1
12mo	7 v.	9.33333333333333	   1
2fo	87 v.	174	   1
2fo	97 v.	194	   1
4to	[42] p. :bill., port.	108	   1
12mo	36 p. plate	552.5	   1
4to	[42]p. :bill., port.	108	   1
12mo	2v. in 1	2.66666666666667	   1
8vo	2v. in 62 numbers	2.09195402298851	   1
NA	1vol. (various pagings)	NA	   1
16mo	4v.	8	   1
24mo	v,6-112p.	NA	   1
24mo	1v. (various pagings)	NA	   1
8vo	v,6-40p.	5	   1
8vo	v,6-8p.	5	   1
4to	18v.	NA	   1
12mo	3 v. in one	4	   1
NA	v,6-48p.	NA	   1
NA	4v.	5.33333333333333	   1
4to	82[i.e., 81][1]p.	108	   1
NA	40p. of plates	NA	   1
12mo	v,6-60p.	552.5	   1
NA	[14]p. of plates	NA	   1
8vo	32 p. of plates	5	   1
NA	56p. of plates	NA	   1
NA	v,6-70p.	NA	   1
12mo	v,6-24p.	552.5	   1
12mo	v,6-108p.	552.5	   1
8vo	7v.?	14	   1
8vo	21[1]p.	5	   1
8vo	v,6-56p.	5	   1
12mo	v,6-48p. : ill.	552.5	   1
12mo	36p. of plates	552.5	   1
8vo	26. [2] p.	5	   1
12mo	6v.?	8	   1
8vo	v,6-16p.	5	   1
8vo	v,6-24p.	5	   1
12mo	iv,[1],6144p.	552.5	   1
NA	381cards in box	NA	   1
8vo	3vol.	6	   1
32mo	30[2]p.	NA	   1
NA	124p. [2]leaves of plates	NA	   1
8vo	2v. in 10parts	4	   1
4to	1v. (various pagings)	108	   1
NA	1 atlas	NA	   1
12mo	[44+] p.. [2] leaves of plates (1 folded)	552.5	   1
4to	19.[1]p.	108	   1
4to	68v.	111.066666666667	   1
8vo	19.[1]p.	5	   1
12mo	v. 3-4	2.66666666666667	   1
12mo	4v.,plate (port.)	5.33333333333333	   1
2fo	4v	8	   1
12mo	189.[1]p.	552.5	   1
8vo	916[4]p.	5	   1
8vo	7(i.e.24)p.	5	   1
12mo	48[ie58]p.	552.5	   1
8vo	47[1]p.	5	   1
8vo	48[ie148]p.	5	   1
1to	[4]pfold	NA	   1
2fo	26[8]p.	93.5	   1
16mo	[Pp.92]	NA	   1
12mo	3pts.	552.5	   1
2fo	7v.	14	   1
8vo	v.3-10	8.36781609195402	   1
4to	v.1-2	NA	   1
8vo	11v.	11.5057471264368	   1
2fo	1 fan	93.5	   1
8vo	v.12-13	4	   1
2fo	10v.	20	   1
12mo	v.19-21	4	   1
12mo	30v.	NA	   1
4to	310pt.	108	   1
24mo	24v.	NA	   1
8vo	4v.[in 6v.]	8	   1
8vo	7v.(XLI,[47],4076p.),plates	14	   1
8vo	15v.	NA	   1
8vo	5pts.	5	   1
8vo	v.2-3.	4	   1
8vo	2v., [8] folded leaves of plates	4	   1
8vo	9 pts.	5	   1
8vo	v.4-10	14	   1
4to	29pts.	108	   1
4to	1 5heet	108	   1
4to	10v.	NA	   1
8vo	10pt.	5	   1
64mo	???	NA	   1
8vo	16pts.	5	   1
2fo	6 parts	93.5	   1
8vo	24pts.	5	   1
8vo	21v.	21.9655172413793	   1
8vo	2 pts.	5	   1
8vo	31pts.	5	   1
12mo	v. 5-7	4	   1
12mo	v. 2-4	4	   1
8vo	3pts.	5	   1
32mo	6v.	12	   1
4to	[330]p.plate	108	   1
8vo	[16]p.416p.	5	   1
12mo	16p.plate	552.5	   1
2fo	111pt.	93.5	   1
8vo	11 parts	5	   1
12mo	18v.	24	   1
4to	v.2-3	NA	   1
4to	9pt.	108	   1
12mo	v.1-4	5.33333333333333	   1
12mo	14v.	NA	   1
12mo	9pts.	552.5	   1
8vo	10v.	10.4597701149425	   1
4to	9pts.	108	   1
4to	14pt.	108	   1
4to	22 pts.	108	   1
8vo	27pts.	5	   1
12mo	v. 1	552.5	   1
2fo	11v.	22	   1
2fo	[2],vi,[1],vi-xx,38.,plates	93.5	   1
32mo	7v.	14	   1
8vo	4v.[i.e.11v.]	8	   1
8vo	2v.,.plate	4	   1
4to	66pts.	108	   1
12mo	4v.,plates(fronts)	5.33333333333333	   1
2fo	19v.	NA	   1
8vo	12parts	5	   1
12mo	17pts.	552.5	   1
8vo	55[i.e. 71][1]p.	5	   1
8vo	26v.	27.1954022988506	   1
8vo	2pt.	5	   1
8vo	6v., [2] folded leaves of plates	12	   1
8vo	15pts.	5	   1
12mo	v.1-16	NA	   1
8vo	12 pt.	5	   1
8vo	12 pts.	5	   1
4to	11pts.	108	   1
8vo	7pts.	5	   1
NA	19v.	19.5277777777778	   1
12mo	3v	4	   1
2fo	15l.	93.5	   1
12mo	11pts.	552.5	   1
12mo	11 parts	552.5	   1
2fo	52parts	93.5	   1
8vo	4v.(490p.)plates	8	   1
8vo	8v.(1260p)plates	16	   1
8vo	4v.(366p.)plates	8	   1
4to	10v.	16.3333333333333	   1
4to	2v., [4] folding leaves of tables	NA	   1
2fo	52 parts	93.5	   1
8vo	8pt.	5	   1
12mo	24⁰	552.5	   1
18mo	3v.	1	   1
2fo	25pts.	93.5	   1
2fo	40pts.	93.5	   1
2fo	63pts.	93.5	   1
2fo	10pts.	93.5	   1
2fo	57pts.	93.5	   1
2fo	89pts.	93.5	   1
8vo	v.7-12	12	   1
4to	7pts.	108	   1
2fo	22[2]p.	93.5	   1
2fo	16[2]p.	93.5	   1
4to	[2],42.p,plate	108	   1
4to	10pt.	108	   1
12mo	V. 1-2	2.66666666666667	   1
12mo	v.4	NA	   1
4to	4pts.	108	   1
8vo	21pt.	5	   1
8vo	20pts.	5	   1
8vo	16[2]p.	5	   1
8vo	21pts.	5	   1
2fo	106pt.(478p.)	93.5	   1
2fo	128pt.(462p.)	93.5	   1
2fo	160pt.(502p.)	93.5	   1
2fo	87pt.(296p.)	93.5	   1
2fo	120pt.(500p.)	93.5	   1
2fo	99pt.(370p.)	93.5	   1
2fo	101pt.(296p.)	93.5	   1
2fo	90pt.(354p.)	93.5	   1
2fo	74pt.(328p.)	93.5	   1
2fo	96pt.(328p.)	93.5	   1
2fo	87pt.(366p.)	93.5	   1
2fo	77pt.(256p.)	93.5	   1
2fo	62pt.(178p.)	93.5	   1
2fo	98pt.(296p.)	93.5	   1
2fo	100pt. (292p.)	93.5	   1
2fo	76pt.(234p.)	93.5	   1
2fo	89pt.(242p.)	93.5	   1
2fo	89pt.(224p.)	93.5	   1
2fo	17pt.(38p.)	93.5	   1
2fo	89pt.(200p.)	93.5	   1
2fo	98pt.(216p.)	93.5	   1
2fo	136pt.(282p.)	93.5	   1
2fo	79pt.(164p.)	93.5	   1
2fo	150pt.(318p.)	93.5	   1
2fo	96pt.(196p.)	93.5	   1
2fo	8pt.(20p.)	93.5	   1
2fo	170pt.(348p.)	93.5	   1
2fo	142pt.(292p.)	93.5	   1
2fo	117pt.(244p.)	93.5	   1
2fo	80pt.(170p.)	93.5	   1
2fo	106pt.(226p.)	93.5	   1
2fo	16pt.(36p.)	93.5	   1
2fo	83pt.(180p.)	93.5	   1
2fo	146pt.(326p.)	93.5	   1
2fo	109pt.(232p.)	93.5	   1
12mo	1v.	552.5	   1
12mo	v.5-6.	2.66666666666667	   1
12mo	81[ie.80]p.	552.5	   1
2fo	[4],52.,plates	93.5	   1
4to	2 vols.	NA	   1
12mo	viii,232.,plates	552.5	   1
8vo	50[2]p.	5	   1
12mo	7v.(2359,[i.e.3359]p.),plates	9.33333333333333	   1
8vo	2 vols.	4	   1
4to	24pts.	108	   1
4to	12 pts.	108	   1
4to	10pts.	108	   1
8vo	8 pts.	5	   1
8vo	[8],76.,plate	5	   1
8vo	[2],116.,plate	5	   1
12mo	[12],192.,plate	552.5	   1
12mo	444p.plate	552.5	   1
8vo	[2].30p.	5	   1
16mo	34p.plate	NA	   1
4to	[40],580.,plates	108	   1
8vo	2v., fold plates	4	   1
8vo	29.[1]p.	5	   1
8vo	14p.plate	5	   1
12mo	11v.	NA	   1
18mo	11v.	NA	   1
12mo	v.29-30	2.66666666666667	   1
8vo	20pts	5	   1
8vo	17 parts	5	   1
8vo	v.25-46	23.0114942528736	   1
16mo	1 v.	NA	   1
18mo	v.5-6	2.66666666666667	   1
NA	A slip-song - 'When Fanny blooming fair:'.	NA	   1
12mo	8 parts	552.5	   1
18mo	7 parts	NA	   1
4to	30v.	49	   1
4to	30 parts	108	   1
NA	Drop-head title, dated at head: January 16. 1735. - Concerning a suit brought by John Cuninghame of Enterkine against Lady Enterkine for repairs.	NA	   1
12mo	?	552.5	   1
NA	Dated at head: February 7. 1735. - Concerning Colquhoun's administration of the estate of a minor.	NA	   1
12mo	v.3-7	6.66666666666667	   1
12mo	4v,.plates	552.5	   1
8vo	1 folded sheet (4 p.)	5	   1
NA	14p.c4⁰.	NA	   1
12mo	35.[1]p.	552.5	   1
12mo	31 parts	552.5	   1
NA	8p.c12⁰.	NA	   1
8vo	16 pts.	5	   1
8vo	18 parts	5	   1
8vo	10v.(XLI,[47],4076),plates	20	   1
2fo	1 v. (52 pts.)	93.5	   1
NA	[2]p.1/2⁰.	NA	   1
2fo	7 parts	93.5	   1
NA	36p.12⁰.	NA	   1
NA	36p.8⁰.	NA	   1
12mo	13 parts	552.5	   1
NA	[2]p.1/8⁰.	NA	   1
12mo	v.5-7	4	   1
8vo	v.2-6	10	   1
8vo	15v.	15.6896551724138	   1
12mo	11v.	14.6666666666667	   1
8vo	51v.	53.3448275862069	   1
12mo	12p.23 leaves	552.5	   1
4to	v.47-56	16.3333333333333	   1
24mo	6v.	6	   1
8vo	75v.,plates (ports.)	78.448275862069	   1
8vo	14v.	14.6436781609195	   1
8vo	v.1-6	12	   1
2fo	30 parts	93.5	   1
8vo	41[1]p.	5	   1
8vo	42[ie.72]p.	5	   1
8vo	29[1]p.	5	   1
24mo	19 parts	NA	   1
4to	7pts	108	   1
4to	v.3-4	NA	   1
8vo	17[3]p.	5	   1
12mo	16[ie.14]p.	552.5	   1
4to	9[1]p.	108	   1
8vo	42[ie24]p	5	   1
12mo	13v.	17.3333333333333	   1
8vo	102 [2]p.	5	   1
12mo	6pt.	552.5	   1
8vo	x,[2],52.,plate	5	   1
8vo	24 parts	5	   1
12mo	34v.	45.3333333333333	   1
2fo	29.[1]p.	93.5	   1
12mo	8pts.	552.5	   1
4to	[2],54.,plates	108	   1
12mo	32v.	42.6666666666667	   1
12mo	27pts.	552.5	   1
8vo	v.5-7	6	   1
12mo	v.5-8	5.33333333333333	   1
8vo	98p.2 fold.tables	5	   1
4to	48 columns	108	   1
12mo	182 [2] p.	552.5	   1
8vo	6 v. of music (142 p.)	6.27586206896552	   1
NA	Arr. on two staves for voice and keyboard; with a version for the flute.	NA	   1
4to	v. of music (166+ p.)	108	   1
2fo	v. of music	93.5	   1
2fo	4 p. of music	93.5	   1
18mo	5 v.	6.66666666666667	   1
4to	ccvii.+ leaves	108	   1
8vo	b[64] p.	5	   1
16mo	ccxxxix. leaves	NA	   1
16mo	1 vol.	NA	   1
8vo	412 l.	5	   1
8vo	unpaged	5	   1
8vo	16 folios	5	   1
NA	s.sh.fol.	NA	   1
2fo	viii. leaves	93.5	   1
2fo	[1] pasted sheet ([1] p.)	93.5	   1
8vo	[24] pages	5	   1
8vo	cclvj leaves	5	   1
16mo	274 p. [1] folded leaf of plates	NA	   1
8vo	[728] pages	5	   1
16mo	[360] folios	NA	   1
16mo	2 pts bb	NA	   1
2fo	[20] engraved plates	93.5	   1
4to	38 p. bb	108	   1
NA	1/2⁰.	NA	   1
4to	[244] p. :ill. (woodcuts)	108	   1
4to	[272] p. : b ill.	108	   1
4to	35 p.c	108	   1
4to	ca. 1248 p. in various foliations.	108	   1
2fo	xxvi [26, i.e. 52] p.	93.5	   1
NA	xviii [18, i.e. 36] p.	NA	   1
2fo	xv [15, i.e. 30] p.	93.5	   1
2fo	x [10, i.e. 20] p.	93.5	   1
NA	1 v. (various pagings)	NA	   1
2fo	xvii [i.e. 54] p.	93.5	   1
8vo	[208] l.	5	   1
8vo	134 l.	5	   1
1to	[4+] p. :ill. (woodcuts)	NA	   1
NA	1 folded sheet ([4] p.)	NA	   1
4to	[44] p. plates	108	   1
NA	xxix [i.e. 54] p.	NA	   1
2fo	viii [i.e. 15] p.	93.5	   1
2fo	xxxi [i.e. 60] p.	93.5	   1
2fo	viij [i.e. 16] p.	93.5	   1
NA	9 pts.	NA	   1
2fo	xxvj leaves	93.5	   1
8vo	6 parts	5	   1
2fo	1 map on two plates	93.5	   1
2fo	xvj leaves	93.5	   1
4to	a-t leaves	108	   1
4to	Four plates	108	   1
2fo	2 1/2 p.	93.5	   1
2fo	4 v. (v.1: [36], 186, [10], 468, 479-642, 645-748, [24] p. (first leaf blank), [2] leaves of plates (1 folded); v.2: [4], 749-857, 860-1270, 1269-1860, [40] p.; v.3: [28], 668, 699-1006, 1009-1140, [68] p., [3] folded leaves of plates; v.4: [8], 1141-1234, 1237-1973 , [41] p. [2] folded leaves of plates)	8	   1
4to	[4] lxxiiij leaves	108	   1
2fo	lj leaves	93.5	   1
2fo	lxx. leaves	93.5	   1
2fo	lxix [1] leaves	93.5	   1
2fo	xlvii [1] leaves	93.5	   1
2fo	[1] xj [1] leaves	93.5	   1
2fo	xxxi [1] leaves	93.5	   1
2fo	xxi [1] leaves	93.5	   1
2fo	xiii [xiiii] leaves	93.5	   1
2fo	lvii [1] leaves	93.5	   1
NA	[36] p.c8⁰.	NA	   1
4to	[232] l.	108	   1
4to	[124] p. [2] folded woodcut maps	108	   1
4to	CC.v leaves	108	   1
NA	[C.lxxxvi] leaves	NA	   1
2fo	1 folded sheet ([1] p.)	93.5	   1
4to	cxix [21] p.	108	   1
4to	[104] pages	108	   1
8vo	[116] pages	5	   1
2fo	xliiij [44] leaves	93.5	   1
NA	octavo.	NA	   1
NA	1 map.	NA	   1
8vo	{16] p.	5	   1
NA	[octavo]	NA	   1
8vo	78 pp. [48 leaves]	5	   1
4to	[24] p. 31 leaves of plates	108	   1
8vo	12 p. (extent of DFo copy)	5	   1
4to	30 engraved plates	108	   1
2fo	8 p. : coat of arms.	93.5	   1
48mo	[No pagination provided]	NA	   1
2fo	[fewer than 50 pages]	93.5	   1
18mo	NA	NA	   1
8vo	[Pagination not given]	5	   1
8vo	in 4s	5	   1
NA	sixes	NA	   1
12long	[ii] 12 p.	226	   1
16mo	1 p.l., 3 col. plates, 129 col. maps (part. fold.)	NA	   1
2fo	6 pts.	93.5	   1
24mo	? p.	NA	   1
NA	1⁰.	NA	   1
8vo	3 vol.	6	   1
4to	18 engraved plates	108	   1
NA	coctavo	NA	   1
1to	1 sheeet ([1] p.)	NA	   1
NA	c8⁰.	NA	   1
1to	[No pagination recorded]	NA	   1
24mo	NA	NA	   1
2fo	1 score (3 leaves of plates)	93.5	   1
8vo	[Pagination not provided]	5	   1
NA	12⁰.	NA	   1
8vo	p.	5	   1
2fo	1 folded sheet ([4] p.)	93.5	   1
16mo	NA	NA	   1
12mo	23v.	NA	   1
NA	2 ¹.	NA	   1
NA	1 folded broadside	NA	   1
NA	1 score ([1] p.).	NA	   1
2fo	6 maps.	93.5	   1
NA	2 l.	NA	   1
8vo	[24] p. :bill. (woodcut)	5	   1
4to	357 p. in various paginations.	108	   1
8vo	45 [3] p.	5	   1
16mo	[102] p. [1] fold. leaf	NA	   1
4to	[ ]	108	   1
4to	10 [2] p.	108	   1
1to	Two sheets (versos blank)	NA	   1
NA	Date of publication from Wing.	NA	   1
8vo	39 (i.e. 51) p.	5	   1
NA	16 p.4⁰.	NA	   1
4to	[98] p. of tables	108	   1
2fo	63 parts	93.5	   1
NA	[40] p.8⁰.	NA	   1
4to	26 [2] p.	108	   1
2fo	ca. 117 p. : ill. (copper plate), maps.	93.5	   1
2fo	864 p. in various paginations.	93.5	   1
NA	690 p. in various paginations.	NA	   1
4to	32t p.	108	   1
4to	2 v. in 1	NA	   1
4to	1 v. in various pagings	108	   1
NA	[2] p.1/2⁰.	NA	   1
2fo	[12] p. of plates	93.5	   1
2fo	9 v. (v.1: [20], XII, xiii-lxxvj p., 1380 columns; v.2: [4] p., 1403-1586, 1585-1654, 1667-2796, 2805-2868 columns; v.3: [4] p., 2877-3852, 3851-4568 columns; v.4: [4] p., 4605-7064 columns; v.5: [4] p., 7125-8204 columns, [4] p., 8277-8788, 8805-9302 columns, [3] p., 9501-9634 columns, [1] p.; v.6: [4], lxviij p., 2108 columns; v.7: [4] p., 2113-5016 columns; v.8: [4] p., 648, 647-694, 697-1010, 1009-2190 columns; v.9: [4], 2215-4538, 4541-4548 columns, 4549-4566 p., 4567-4708 columns), [11] leaves of plates (mostly folded)	18	   1
4to	34 (i.e. 36) p.	108	   1
2fo	[8] p. 44, 4008 col.	93.5	   1
8vo	52 maps	5	   1
4to	19. [1] p.	108	   1
4to	15 [1] p.	108	   1
2fo	347 v.	694	   1
2fo	57 v.	114	   1
NA	11 v. :b24 cm (4⁰)	NA	   1
8vo	1 v.(104p.)	5	   1
8vo	250 v.	261.494252873563	   1
8vo	18 no., collected in 3 v.	5	   1
12mo	v., plates (fold)	552.5	   1
8vo	v., plates (colored)	5	   1
4to	13 v.	21.2333333333333	   1
NA	v. ; 64 cm.	NA	   1
NA	153 no.	NA	   1
NA	12 no.	NA	   1
NA	27 v.	NA	   1
NA	v. ; 49 cm.	NA	   1
NA	24 v.	NA	   1
NA	6 no.	NA	   1
NA	v. ; 46 cm.	NA	   1
NA	30 v.	NA	   1
NA	2 v. : ill. (chiefly advertisements)	2.66666666666667	   1
NA	16 v.	NA	   1
NA	82 no.	NA	   1
NA	17 v.	17.4722222222222	   1
NA	88 nos.	NA	   1
NA	130 no.	NA	   1
NA	20 v.	20.5555555555556	   1
NA	12 v.	NA	   1
NA	41 no.	NA	   1
NA	21 nos.	NA	   1
NA	138 v.	141.833333333333	   1
NA	738 no.	NA	   1
NA	3 v. ; 47 cm.	4	   1
NA	53 no.	NA	   1
NA	126 no.	NA	   1
NA	529 no.	NA	   1
2fo	12 no.	93.5	   1
NA	34 v.	34.9444444444444	   1
NA	8 no.	NA	   1
NA	24 v.	24.6666666666667	   1
NA	14 no.	NA	   1
NA	18 no.	NA	   1
NA	98 v.	100.722222222222	   1
8vo	65 v.	67.9885057471264	   1
NA	429 no.	NA	   1
8vo	27 v.	NA	   1
NA	309 no.	NA	   1
4to	18 v.	NA	   1
4to	85 v.	138.833333333333	   1
2fo	69 v.	138	   1
4to	39 v.	63.7	   1
2fo	156 v.	312	   1
12mo	v., plate (fol.)	552.5	   1
NA	104 v.	106.888888888889	   1
NA	28 v.	28.7777777777778	   1
NA	2 v.	2.05555555555556	   1
4to	4 v.	6.53333333333333	   1
NA	25 no.	NA	   1
NA	8 v.	10.6666666666667	   1
2fo	17v.	NA	   1
2fo	1 v	93.5	   1
2fo	13v.	NA	   1
NA	15 v.	NA	   1
4to	105 v.	171.5	   1
2fo	100 v.	200	   1
2fo	94 v.	188	   1
2fo	66 v.	132	   1
4to	106 v.	173.133333333333	   1
2fo	81 v.	162	   1
8vo	v., plates (some col., some fold.)	5	   1
12mo	36 v.	48	   1
8vo	34 v.	35.5632183908046	   1
8vo	14 v.	NA	   1
4to	15 v.	NA	   1
NA	1v.	NA	   1
8vo	25 v.	NA	   1
12mo	12 v.	NA	   1
12mo	v.,: plates	552.5	   1
2fo	295 v.	590	   1
2long	7 v.	NA	   1
2long	46 v.	NA	   1
2fo	350 v.	700	   1
2long	8 v.	NA	   1
8vo	22 v.	NA	   1
12mo	50 v.	66.6666666666667	   1
2long	27 v.	NA	   1
2fo	120 v.	240	   1
12mo	12 v.	16	   1
12mo	24 v.	NA	   1
12mo	26 v.	NA	   1
8vo	61 v.	63.8045977011494	   1
8vo	v., plates (some col.)	5	   1
NA	v. ;2⁰.	NA	   1
2fo	68 v.	136	   1
2fo	89 v.	178	   1
12mo	51 v.	68	   1
1to	21 v.	NA	   1
4to	41 v.	66.9666666666667	   1
8vo	146 v.	152.712643678161	   1
8vo	29 v.	30.3333333333333	   1
8vo	v. :bill.	5	   1
2fo	1 v. :bill.	93.5	   1
8vo	168 v.	175.724137931034	   1
4to	7 v. :bill.	NA	   1
8vo	23 v.	NA	   1
8vo	46 v.	48.1149425287356	   1
1to	v. :bill.	NA	   1
1to	15 v. :bill.	NA	   1
8vo	72 v.	75.3103448275862	   1
4to	60 v.	98	   1
8vo	84 v.	87.8620689655172	   1
8vo	105 v.	109.827586206897	   1
2fo	63 v.	126	   1
8vo	102 v.	106.689655172414	   1
2fo	119 v.	238	   1
8vo	5 v.	5.22988505747126	   1
4to	165 v.	269.5	   1
2fo	22 v.	44	   1
2fo	103 v.	206	   1
8vo	329 v.	344.126436781609	   1
8vo	144 v.	150.620689655172	   1
8vo	23 v.	24.0574712643678	   1
8vo	19 v.	19.8735632183908	   1
8vo	59 v.	61.7126436781609	   1
2fo	196 v.	392	   1
2fo	79 v.	158	   1
4to	80 v.	130.666666666667	   1
NA	43 v.	44.1944444444444	   1
8vo	67 v.	70.0804597701149	   1
4to	50 v.	81.6666666666667	   1
8vo	39 v.	40.7931034482759	   1
8vo	76 v.	79.4942528735632	   1
8vo	52 v.	54.3908045977011	   1
8vo	45 v.	47.0689655172414	   1
2fo	578 v.	1156	   1
4to	81 v.	132.3	   1
2fo	208 v.	416	   1
8vo	35 v.	36.6091954022989	   1
2fo	172 v.	344	   1
4to	40 v.	65.3333333333333	   1
2fo	71 v.	142	   1
NA	75 v.	77.0833333333333	   1
2fo	115 v.	230	   1
2fo	209 v.	418	   1
8vo	60 v.	62.7586206896552	   1
NA	81 v.	83.25	   1
1to	160 v.	NA	   1
2fo	2071 v.	4142	   1
2fo	62 v.	124	   1
2fo	74 v.	148	   1
2fo	113 v.	226	   1
2fo	175 v.	350	   1
4to	178 v.	290.733333333333	   1
2fo	19 v.	38	   1
1to	56 v.	NA	   1
1to	133 v.	NA	   1
2fo	1330 v.	2660	   1
2fo	189 v.	378	   1
2fo	39 v.	78	   1
2fo	117 v.	234	   1
2fo	72 v.	144	   1
1to	2455 v.	NA	   1
8vo	1 v. [various pagings]	5	   1
4to	418 v.	682.733333333333	   1
2fo	111 v.	222	   1
2fo	70 v.	140	   1
2fo	188 v.	376	   1
8vo	21 v.	NA	   1
2fo	31 v.	62	   1
1to	42 v	NA	   1
2fo	155 v.	310	   1
2fo	59 v.	118	   1
2fo	51 v.	102	   1
2fo	41 v.	82	   1
2fo	135 v.	270	   1
2fo	247 v.	494	   1
1to	27 v.	NA	   1
1to	215 v.	NA	   1
2fo	123 v.	246	   1
1to	55 v.	NA	   1
2fo	19 v	NA	   1
2fo	173 v.	346	   1
2fo	125 v.	250	   1
2fo	110 v.	220	   1
1to	186 v.	NA	   1
2fo	181 v.	362	   1
2fo	101 v.	202	   1
2fo	497 v.	994	   1
2fo	152 v.	304	   1
4to	63 v.	102.9	   1
4to	29 v.	NA	   1
8vo	16 v.	NA	   1
4to	58 v.	94.7333333333333	   1
4to	96 v.	156.8	   1
4to	57 v.	93.1	   1
4to	186 v.	303.8	   1
4to	66 v.	107.8	   1
4to	130 v.	212.333333333333	   1
4to	201 v.	328.3	   1
4to	84 v.	137.2	   1
4to	44 v.	71.8666666666667	   1
4to	67 v.	109.433333333333	   1
4to	71 v.	115.966666666667	   1
4to	16 v.	NA	   1
4to	61 v.	99.6333333333333	   1
2fo	142 v.	284	   1
2fo	85 v.	170	   1
8vo	13 v.	13.5977011494253	   1
2fo	58 v.	116	   1
16mo	24 v.	NA	   1
8vo	50 v.	52.2988505747126	   1
2fo	32 v.	64	   1
2fo	8 v	16	   1
NA	9 v.	12	   1
4to	51 v.	83.3	   1
8vo	v., 504 colored plates, interleaved	5	   1
12mo	v., leaves of plates	552.5	   1
2long	10 v.	NA	   1
8vo	28 v.	NA	   1
4to	81pts.	108	   1
12mo	3 vols.	4	   1
4to	28 parts	108	   1
24mo	6v. (48 parts)	6	   1
4to	One sheet (verso blank)	108	   1
8vo	v.20	NA	   1
8vo	v.22-24	3.13793103448276	   1
12mo	v.5	NA	   1
8vo	[29]l.	5	   1
8vo	[8]p. plates	5	   1
4to	56p. plate	108	   1
12mo	[2],ii,[4],146., [1] leaf of plates	552.5	   1
2fo	[29]l.	93.5	   1
2fo	3pt. in 1v. ([2]p.	93.5	   1
8vo	2 v.(90 p.)	4	   1
12mo	v.3-5	4	   1
2fo	9 parts	93.5	   1
1to	1 fold. sheet	NA	   1
8vo	7 pts. in 1v.	5	   1
8vo	64 pages	5	   1
12mo	v.17	NA	   1
2fo	20v.	40	   1
2fo	3936,[36]p.	93.5	   1
2fo	??p.	93.5	   1
4to	22v.	NA	   1
18mo	120.,plates	NA	   1
2fo	19v.	38	   1
12mo	167 [1] p.	552.5	   1
4to	26pts.	108	   1
12mo	v.1	NA	   1
24mo	[2].125p.	NA	   1
8vo	11 pts. in 1v.	5	   1
4to	V.2, in 9 parts	NA	   1
18mo	7v.	9.33333333333333	   1
8vo	31[1]p.	5	   1
12mo	8v.,illus.	10.6666666666667	   1
NA	Caption title; with a docket title that reads 'Memorial of the agent for the province of Massachussetts-Bay against a duty of 3d. per gallon on foreign molasses.'. - Dated in MS '9th February, 1764' and signed J. Mauduit.	NA	   1
8vo	34 [2]p.	5	   1
12mo	2vols.	2.66666666666667	   1
2fo	⁰ sheet	93.5	   1
1to	5 shhets	NA	   1
1to	[z] p.	NA	   1
8vo	v.3-5	6	   1
NA	64p.c12⁰	NA	   1
12mo	iv,390.,plates	552.5	   1
4to	23[ie.24]p.	108	   1
8vo	3 parts	5	   1
1to	2 columns	NA	   1
4to	2 pts.	108	   1
4to	11 parts	108	   1
8vo	v.12-14	6	   1
2fo	16 v.	32	   1
8vo	v.6-9	8	   1
8vo	v.1-5	10	   1
18mo	v.2-3	0.666666666666667	   1
2fo	9v.	18	   1
8vo	v.9-11	6	   1
8vo	v.1-8	8.36781609195402	   1
12mo	v.6	NA	   1
12mo	17v.	NA	   1
2fo	12 parts	93.5	   1
12mo	v.26	NA	   1
12mo	4v.,platea	5.33333333333333	   1
12mo	20pts	552.5	   1
8vo	14 parts	5	   1
2fo	14 parts	93.5	   1
8vo	v.21	NA	   1
8vo	v.1-3	3.13793103448276	   1
64mo	3v.	441	   1
12mo	24v.	NA	   1
12mo	29 parts	552.5	   1
8vo	4 pts.	5	   1
2fo	21v.	42	   1
8vo	v.3-6	8	   1
12mo	50p.plate	552.5	   1
12mo	v.2	NA	   1
2fo	3l.	93.5	   1
2fo	103pt.(236p.)	93.5	   1
